published,title,url,views
2015-07-28,Deep Reinforcement Learning,http://videolectures.net/rldm2015_silver_reinforcement_learning,3072
2015-12-05,Two high stakes challenges in machine learning,http://videolectures.net/icml2015_bottou_machine_learning,848
2015-07-28,Basics of Computational Reinforcement Learning,http://videolectures.net/rldm2015_littman_computational_reinforcement,740
2015-12-05,Natural Language Understanding: Foundations and State-of-the-Art,http://videolectures.net/icml2015_liang_language_understanding,393
2016-02-24,It��s Learning All the Way Down,http://videolectures.net/iccv2015_lecun_learning,329
2016-02-10,Multi-Task Recurrent Neural Network for Immediacy Prediction,http://videolectures.net/iccv2015_chu_neural_network,319
2015-07-28,Quickly Learning to Make Good Decisions,http://videolectures.net/rldm2015_brunskill_good_decisions,258
2015-12-05,Bayesian Time Series Modeling: Structured Representations for Scalability,http://videolectures.net/icml2015_fox_structured_representations,237
2016-02-23,Convex Optimization with Abstract Linear Operators,http://videolectures.net/iccv2015_boyd_convex_optimization,232
2015-12-05,Advances in Structured Prediction,http://videolectures.net/icml2015_daume_structured_prediction,215
2015-07-28,Natural RLDM: Optimal and Subptimal Control in Brain and Behavior,http://videolectures.net/rldm2015_daw_brain_and_behavior,205
2016-02-23,Borrowing New Ideas from Human Vision,http://videolectures.net/iccv2015_lowe_human_vision,188
2016-02-10,Fast R-CNN,http://videolectures.net/iccv2015_girshick_fast_r_cnn,169
2016-02-10,Deep Neural Decision Forests,http://videolectures.net/iccv2015_kontschieder_decision_forests,165
2015-07-28,Generalization and Exploration via Value Function Randomization,http://videolectures.net/rldm2015_van_roy_function_randomization,160
2015-12-05,Modern Convex Optimization Methods for Large-scale Empirical Risk Minimization,http://videolectures.net/icml2015_schmidt_risk_minimization,149
2015-03-06,NLPGo: Better research through better tools,http://videolectures.net/cmuseminars_hodson_nlpgo,144
2015-07-15,Desperately Searching for Travel Offers? Formulate Better Queries with Some Help from Linked Data,http://videolectures.net/eswc2015_lu_linked_data,139
2015-09-27,Kernel Interpolation for Scalable Structured Gaussian Processes (KISS-GP),http://videolectures.net/icml2015_wilson_kernel_interpolation,134
2015-07-02,Dense 3D Face Alignment from 2D Videos in Real-Time,http://videolectures.net/fgconference2015_jeni_2d_videos,125
2016-02-10,Ask Your Neurons: A Neural-based Approach to Answering Questions about Images,http://videolectures.net/iccv2015_malinowski_your_neurons,124
2016-02-10,Human Parsing With Contextualized Convolutional Neural Network,http://videolectures.net/iccv2015_liang_human_parsing,121
2016-02-10,Unsupervised Visual Representation Learning by Context Prediction,http://videolectures.net/iccv2015_doersch_visual_representation,121
2015-07-28,Proximal Reinforcement Learning:  Learning to Act in Primal Dual Spaces,http://videolectures.net/rldm2015_mahadevan_dual_spaces,118
2015-12-05,Learning to Rank Using Gradient Descent,http://videolectures.net/icml2015_burges_learning_to_rank,113
2015-07-28,Robots learning from human teachers,http://videolectures.net/rldm2015_thomaz_human_teachers,113
2015-07-28,A Neuroeconomics Approach to Pathological Behavior,http://videolectures.net/rldm2015_levy_pathological_behavior,112
2015-12-05,Batch Normalization: Accelerating Deep Network Training by Reducing Internal Covariate Shift,http://videolectures.net/icml2015_ioffe_batch_normalization,106
2015-12-05,Welcome address,http://videolectures.net/icml2015_welcome_address,104
2016-02-10,Opening Ceremony,http://videolectures.net/iccv2015_opening_ceremony,103
2015-03-10,NLPGo,http://videolectures.net/cmuseminars_kambadur_nlpgo,103
2015-10-29,Data analytics involving text,http://videolectures.net/single_mladenic_data_analytics,103
2015-09-27,Approval Voting and Incentives in Crowdsourcing,http://videolectures.net/icml2015_shah_crowdsourcing,101
2015-09-27,A Relative Exponential Weighing Algorithm for Adversarial Utility-based Dueling Bandits,http://videolectures.net/icml2015_gajane_dueling_bandits,101
2015-12-05,Is Feature Selection Secure against Training Data Poisoning?,http://videolectures.net/icml2015_biggio_feature_selection,101
2015-12-05,Computational Social Science,http://videolectures.net/icml2015_wallach_social_science,99
2015-07-15,Assigning Semantic Labels to Data Sources,http://videolectures.net/eswc2015_krishnamurthy_data_sources,96
2015-07-28,What limits performance in decision making?,http://videolectures.net/rldm2015_pouget_decision_making,94
2016-02-10,Semantic Image Segmentation via Deep Parsing Network,http://videolectures.net/iccv2015_liu_li_image_segmentation,93
2015-09-27,Support Matrix Machines,http://videolectures.net/icml2015_luo_support_matrix_machines,91
2015-09-27,Large-Scale Markov Decision Problems with KL Control Cost and its Application to Crowdsourcing,http://videolectures.net/icml2015_malek_crowdsourcing,91
2015-12-05,Modeling Order in Neural Word Embeddings at Scale,http://videolectures.net/icml2015_gilmore_trask_modeling_order,89
2015-03-06,Cross-lingual Global Media Monitoring,http://videolectures.net/cmuseminars_mladenic_media_monitoring,88
2015-12-09,Deep Edge-Aware Filters,http://videolectures.net/icml2015_ren_deep_filters,88
2015-09-27,Training Deep Convolutional Neural Networks to Play Go,http://videolectures.net/icml2015_clark_deep_convolutional_neural_networks,87
2015-09-27,Accelerated Online Low Rank Tensor Learning for Multivariate Spatiotemporal Streams,http://videolectures.net/icml2015_yu_multivariate_spatiotemporal_streams,86
2015-11-10,"Build it, and they will come: Applications of semantic technology",http://videolectures.net/iswc2015_horrocks_semantic_technology,86
2015-07-02,Perinasal Indicators of Deceptive Behavior,http://videolectures.net/fgconference2015_dcosta_deceptive_behavior,86
2016-02-10,Discovering the Spatial Extent of Relative Attributes,http://videolectures.net/iccv2015_xiao_relative_attributes,80
2016-02-10,Learning Discriminative Reconstructions for Unsupervised Outlier Removal,http://videolectures.net/iccv2015_xia_outlier_removal,80
2015-09-27,Deep Unsupervised Learning using Nonequilibrium Thermodynamics,http://videolectures.net/icml2015_sohl_dickstein_deep_unsupervised_learning,79
2015-09-27,An embarrassingly simple approach to zero-shot learning,http://videolectures.net/icml2015_romera_paredes_zero_shot_learning,79
2015-09-27,Multi-instance multi-label learning in the presence of novel class instances,http://videolectures.net/icml2015_raich_novel_class_instances,78
2015-12-05,Policy Search: Methods and Applications,http://videolectures.net/icml2015_neumann_peters_policy_search,78
2015-07-15,Why Big Data Matters - a lot,http://videolectures.net/eswc2015_mayer_schoenberger_big_data,78
2015-05-08,Ali bo ra?unalnik po sposobnosti prehitel ?love��ke mo��gane?,http://videolectures.net/sinapsa_repovs_mladenic_racunalnik_ali_clovek,76
2015-07-28,Bootstrapping Skills,http://videolectures.net/rldm2015_mankowitz_bootstrapping_skills,75
2015-07-28,The Online Discovery Problem and Its Application to Lifelong Reinforcement Learning,http://videolectures.net/rldm2015_li_discovery_problem,72
2015-07-15,Combining Statistics and Semantics to Turn Data into Knowledge,http://videolectures.net/eswc2015_getoor_turn_data,72
2015-04-24,Ra?unalni��ka analiza velikih socialnih omre��ij,http://videolectures.net/kolokviji_leskovec_analiza_socialnih_omrezij,71
2015-10-22,Introduction to the summer school ,http://videolectures.net/eswc2015_simperl_introduction,70
2016-02-10,Holistically-Nested Edge Detection,http://videolectures.net/iccv2015_xie_edge_detection,70
2015-12-09,Jezikovna opremljenost sloven��?ine,http://videolectures.net/single_krek_jezikovna_opremljenost_slovenscine,67
2016-02-10,Deep Fried Convnets,http://videolectures.net/iccv2015_yang_fried_convnets,64
2015-07-02,"Realistic Inverse Lighting from a Single 2D Image of a Face, Taken Under Unknown and Complex Lighting",http://videolectures.net/fgconference2015_shahlaei_complex_lighting,64
2015-12-05,An Empirical Exploration of Recurrent Network Architectures,http://videolectures.net/icml2015_jozefowicz_network_architectures,63
2016-02-10,Leave-One-Out Kernel Optimization for Shadow Detection,http://videolectures.net/iccv2015_yago_vicente_kernel_optimization,63
2015-09-27,Complete Dictionary Recovery Using Nonconvex Optimization,http://videolectures.net/icml2015_wright_nonconvex_optimization,63
2015-07-28,Reinforcement learning objectives constrain the cognitive map,http://videolectures.net/rldm2015_stachenfeld_cognitive_map,60
2015-09-27,Learning Deep Structured Models,http://videolectures.net/icml2015_chen_deep_structured_models,60
2015-10-02,"Predstavitev projekta ""Pravo v dobi velikih podatkov""",http://videolectures.net/okroglamizapravo2015_zavrsnik_pravo_veliki_podatki,58
2015-09-27,Functional Subspace Clustering with Application to Time Series,http://videolectures.net/icml2015_liu_functional_subspace_clustering,58
2015-10-02,Zakaj se sodniki motijo,http://videolectures.net/okroglamizapravo2015_leskovec_sodniki,58
2015-09-27,Improving the Gaussian Process Sparse Spectrum Approximation by Representing Uncertainty in Frequency Inputs,http://videolectures.net/icml2015_gal_frequency_inputs,58
2015-10-02,"Okrogla miza ""Ali je lahko ra?unalnik bolj��i od sodnika""",http://videolectures.net/okroglamizapravo2015_racunalnik_sodnik,57
2015-12-05,From Word Embeddings To Document Distances ,http://videolectures.net/icml2015_kusner_document_distances,57
2015-09-27,Deterministic Independent Component Analysis,http://videolectures.net/icml2015_szepesvari_component_analysis,54
2016-02-10,Where to Buy It: Matching Street Clothing Photos in Online Shops,http://videolectures.net/iccv2015_berg_street_clothing,53
2015-07-15,Linked Data-as-a-Service: The Semantic Web Redeployed,http://videolectures.net/eswc2015_beek_semantic_web,53
2015-07-28,"Practical RL: Representation, interaction, synthesis, and morality (PRISM)",http://videolectures.net/rldm2015_stone_practical_rl,53
2016-02-10,On the Visibility of Point Clouds,http://videolectures.net/iccv2015_tal_point_clouds,53
2015-09-27,Consistent estimation of dynamic and multi-layer block models,http://videolectures.net/icml2015_xu_block_models,52
2015-12-05,Social Interaction in Global Networks,http://videolectures.net/icml2015_kleinberg_social_interaction,52
2016-02-10,Mutual-Structure for Joint Filtering,http://videolectures.net/iccv2015_shen_joint_filtering,52
2016-02-10,Webly Supervised Learning of Convolutional Networks,http://videolectures.net/iccv2015_chen_supervised_learning,52
2015-12-01,securePART project with Alexandre Almeida,http://videolectures.net/esr2015_almeida_securepart_project,51
2016-01-11,Representation and Reasoning with Universal Schema Embeddings,http://videolectures.net/iswc2015_mccallum_universal_schema,51
2015-11-10,Networks of Linked Data Eddies: An Adaptive Web Query Processing Engine for RDF Data,http://videolectures.net/iswc2015_acosta_linked_data,51
2015-07-15,Low-cost Open Data As-a-Service in the Cloud,http://videolectures.net/eswc2015_dimitrov_open_data,51
2015-07-15,A Comparison of Data Structures to Manage URIs on the Web of Data,http://videolectures.net/eswc2015_mavlyutov_web_data,50
2015-09-27,Fixed-point algorithms for learning determinantal point processes,http://videolectures.net/icml2015_mariet_determinantal_point_processes,50
2016-02-10,Aligning Books and Movies: Towards Story-Like Visual Explanations by Watching Movies and Reading Books,http://videolectures.net/iccv2015_zhu_aligning_books,49
2015-09-27,Spectral MLE: Top-K Rank Aggregation from Pairwise Comparisons,http://videolectures.net/icml2015_suh_spectral_mle,49
2015-09-27,A Multitask Point Process Predictive Model,http://videolectures.net/icml2015_lian_predictive_model,49
2016-02-10,Structured Indoor Modeling,http://videolectures.net/iccv2015_ikehata_indoor_modeling,49
2015-09-27,Asymmetric Transfer Learning with Deep Gaussian Processes,http://videolectures.net/icml2015_kandemir_asymmetric_transfer_learning,48
2015-09-27,Multi-Task Learning for Subspace Segmentation,http://videolectures.net/icml2015_wang_subspace_segmentation,48
2015-09-27,The Ladder: A Reliable Leaderboard for Machine Learning Competitions,http://videolectures.net/icml2015_hardt_reliable_leaderboard,47
2015-09-27,Hidden Markov Anomaly Detection,http://videolectures.net/icml2015_goernitz_anomaly_detection,47
2015-09-27,Algorithms for the Hard Pre-Image Problem of String Kernels and the General Problem of String Prediction,http://videolectures.net/icml2015_rolland_string_prediction,47
2015-10-20,Opening up Serbia ��� The Serbian perspective on Open Education with BAEKTEL project an OER (Open Educational Resources) network,http://videolectures.net/internetofeducation2015_obradovic_opening_up,46
2015-09-27,Guaranteed Tensor Decomposition: A Moment Approach,http://videolectures.net/icml2015_tang_tensor_decomposition,44
2015-07-28,Childhood Is Evolution���s Way of Performing Simulated Annealing: A life history perspective on explore-exploit tensions,http://videolectures.net/rldm2015_gopnik_simulated_annealing,44
2015-09-27,Fictitious Self-Play in Extensive-Form Games,http://videolectures.net/icml2015_heinrich_extensive_form_games,44
2016-02-10,Piecewise Flat Embedding for Image Segmentation,http://videolectures.net/iccv2015_yu_image_segmentation,44
2015-12-05,Coordinate Descent Converges Faster with the Gauss-Southwell Rule Than Random Selection,http://videolectures.net/icml2015_nutini_random_selection,43
2015-10-21,The Pursuit of Journalistic News Values through Text Mining Techniques,http://videolectures.net/sikdd2015_belyaeva_pursuit_news,43
2016-02-10,"Global, Dense Multiscale Reconstruction for a Billion Points",http://videolectures.net/iccv2015_ummenhofer_multiscale_reconstruction,43
2015-09-27,A Convex Optimization Framework for Bi-Clustering,http://videolectures.net/icml2015_xu_convex_optimization_framework,43
2015-12-05,High Dimensional Bayesian Optimisation and Bandits via Additive Models,http://videolectures.net/icml2015_kandasamy_additive_models,43
2015-10-21,Indexing of large n-gram collection,http://videolectures.net/sikdd2015_zajec_ngram_collection,42
2015-07-15,HAWK ��� Hybrid Question Answering using Linked Data ,http://videolectures.net/eswc2015_usbeck_linked_data,42
2015-09-27,Sparse Subspace Clustering with Missing Entries,http://videolectures.net/icml2015_vidal_sparse_subspace_clustering,41
2015-09-27,Learning to Search Better than Your Teacher,http://videolectures.net/icml2015_krishnamurthy_search_better,41
2015-12-05,Gated Feedback Recurrent Neural Networks,http://videolectures.net/icml2015_chung_neural_networks,41
2015-07-28,Reachability and Learning for Hybrid Systems,http://videolectures.net/rldm2015_tomlin_hybrid_systems,41
2015-12-05,Towards a Learning Theory of Cause-Effect Inference,http://videolectures.net/icml2015_muandet_learning_theory,41
2015-10-21,Ingredients matching in bakery products,http://videolectures.net/sikdd2015_eftimov_bakery_products,41
2015-07-02,Multimodal Machine Learning: Modeling Human Communication Dynamics,http://videolectures.net/fgconference2015_morency_human_communication,41
2015-07-02,Estimating smile intensity: A better way,http://videolectures.net/fgconference2015_girard_smile_intensity,40
2015-09-27,Entropy-Based Concentration Inequalities for Dependent Variables,http://videolectures.net/icml2015_ralaivola_dependent_variables,39
2015-09-27,Learning from Corrupted Binary Labels via Class-Probability Estimation,http://videolectures.net/icml2015_menon_corrupted_binary_labels,39
2016-02-23,Awards,http://videolectures.net/iccv2015_awards,39
2015-07-28,The formation of habits: A computational model mixing reinforcement learning and Hebbian learning,http://videolectures.net/rldm2015_topalidou_hebbian_learning,39
2015-09-27,Off-policy Model-based Learning under Unknown Factored Dynamics,http://videolectures.net/icml2015_hallak_unknown_factored_dynamics,39
2015-09-27,Intersecting Faces: Non-negative Matrix Factorization With New Guarantees,http://videolectures.net/icml2015_zou_intersecting_faces,39
2016-02-10,MeshStereo: A Global Stereo Model With Mesh Alignment Regularization for View Interpolation,http://videolectures.net/iccv2015_zhang_global_stereo,39
2015-09-27,Swept Approximate Message Passing for Sparse Estimation,http://videolectures.net/icml2015_tramel_sparse_estimation,38
2015-07-28,Multi-Objective Markov Decision Processes for Decision Support,http://videolectures.net/rldm2015_lizotte_decision_support,38
2015-07-15,Minute of Madness,http://videolectures.net/eswc2015_minute_of_madness,38
2015-12-05,A Lower Bound for the Optimization of Finite Sums,http://videolectures.net/icml2015_agarwal_lower_bound,38
2015-09-27,Theory of Dual-sparse Regularized Randomized Reduction,http://videolectures.net/icml2015_yang_randomized_reduction,38
2015-10-20,MyMachine ��� from Kindergarten to Industry introducing a Creative Approach to all levels in Education,http://videolectures.net/internetofeducation2015_crnko_grymonprez_mymachine,38
2015-09-27,Distributed Gaussian Processes,http://videolectures.net/icml2015_deisenroth_distributed_gaussian_processes,38
2015-10-22,Big Data technology for systems monitoring in Energy - BigDataEurope,http://videolectures.net/emender2015_androutsopoulos_big_data,38
2015-09-27,On Greedy Maximization of Entropy,http://videolectures.net/icml2015_sharma_greedy_maximization,38
2016-02-10,Learning Image Representations Tied to Ego-Motion,http://videolectures.net/iccv2015_jayaraman_image_representations,38
2015-09-27,Distributed Estimation of Generalized Matrix Rank: Efficient Algorithms and Lower Bounds,http://videolectures.net/icml2015_zhang_generalized_matrix_rank,38
2015-10-21,A topological data analysis approach to the epidemiology of influenza,http://videolectures.net/sikdd2015_costa_topological_data,38
2015-09-27,Low-Rank Matrix Recovery from Row-and-Column Affine Measurements,http://videolectures.net/icml2015_wagner_matrix_recovery,37
2015-12-05,"Show, Attend and Tell: Neural Image Caption Generation with Visual Attention",http://videolectures.net/icml2015_xu_visual_attention,37
2016-03-07,Learning networks of stochastic differential equations,http://videolectures.net/netadis2015_bento_ayres_pereira_equations,37
2016-02-10,Panoptic Studio: A Massively Multiview System for Social Motion Capture,http://videolectures.net/iccv2015_joo_panoptic_studio,37
2016-02-10,Web-Scale Image Clustering Revisited,http://videolectures.net/iccv2015_kalantidis_image_clustering,37
2015-12-20,Jeziki in jezikovne tehnologije v Sloveniji ,http://videolectures.net/elrc2015_krek_jezikovne_tehnologije,36
2015-09-27,CUR Algorithm for Partially Observed Matrices,http://videolectures.net/icml2015_xu_partially_observed_matrices,36
2015-12-05,Nested Sequential Monte Carlo Methods,http://videolectures.net/icml2015_naesseth_nested_sequential,36
2015-07-15,RDF Digest: Efficient Summarization of RDF/S KBs,http://videolectures.net/eswc2015_troullinou_rdf_digest,36
2016-02-10,Minimum Barrier Salient Object Detection at 80 FPS,http://videolectures.net/iccv2015_sclaroff_object_detection,36
2016-02-10,3D Time-Lapse Reconstruction From Internet Photos,http://videolectures.net/iccv2015_martin_brualla_internet_photos,36
2015-07-15,WordLift: Meaningful Navigation Systems and Content Recommendation for News Sites running WordPress,http://videolectures.net/eswc2015_savastano_wordpress,36
2015-09-27,Classification with Low Rank and Missing Data,http://videolectures.net/icml2015_livni_classification,36
2015-09-27,Optimizing Non-decomposable Performance Measures: A Tale of Two Classes,http://videolectures.net/icml2015_narasimhan_performance_measures,35
2015-07-15,A Survey of HTTP Caching Implementations on the Open Semantic Web,http://videolectures.net/eswc2015_kjernsmo_semantic_web,35
2015-07-15,Using Ontologies For Modeling Virtual Reality Scenarios,http://videolectures.net/eswc2015_dragoni_reality_scenarios,35
2016-02-10,Weakly supervised graph based semantic segmentation by learning communities of image-parts,http://videolectures.net/iccv2015_rahimi_supervised_graph,35
2016-02-10,Learning Query and Image Similarities With Ranking Canonical Correlation Analysis,http://videolectures.net/iccv2015_yao_image_similarities,35
2015-09-27,Scalable Model Selection for Large-Scale Factorial Relational Models,http://videolectures.net/icml2015_feng_factorial_relational_models,35
2015-09-27,Unsupervised Riemannian Metric Learning for Histograms Using Aitchison Transformations,http://videolectures.net/icml2015_le_histograms,34
2015-09-27,Controversy in mechanistic modelling with Gaussian processes,http://videolectures.net/icml2015_macdonald_husmeier_mechanistic_modelling,34
2015-09-27,Surrogate Functions for Maximizing Precision at the Top,http://videolectures.net/icml2015_kar_surrogate_functions,34
2016-02-10,Removing Rain From a Single Image via Discriminative Sparse Coding,http://videolectures.net/iccv2015_tan_removing_rain,34
2015-09-27,Context-based Unsupervised Data Fusion for Decision Making,http://videolectures.net/icml2015_van_der_schaar_decision_making,34
2016-02-10,Learning to Track: Online Multi-Object Tracking by Decision Making,http://videolectures.net/iccv2015_xiang_decision_making,34
2015-07-28,Escaping Groundhog Day,http://videolectures.net/rldm2015_macglashan_groundhog_day,33
2015-12-05,Deep Learning with Limited Numerical Precision,http://videolectures.net/icml2015_gupta_numerical_precision,33
2016-02-10,Lost Shopping! Monocular Localization in Large Indoor Spaces,http://videolectures.net/iccv2015_wang_lost_shopping,33
2015-09-27,Ranking from Stochastic Pairwise Preferences: Recovering Condorcet Winners and Tournament Solution Sets at the Top,http://videolectures.net/icml2015_rajkumar_stochastic_pairwise_preferences,32
2015-09-27,Log-Euclidean Metric Learning on Symmetric Positive Definite Manifold with Application to Image Set Classification,http://videolectures.net/icml2015_xin_log_euclidean_metric_learning,32
2015-12-05,Stochastic Optimization with Importance Sampling for Regularized Loss Minimization,http://videolectures.net/icml2015_zhao_loss_minimization,32
2016-02-10,Multiple Hypothesis Tracking Revisited,http://videolectures.net/iccv2015_kim_multiple_hypothesis,32
2015-07-15,Large Scale Rule-Based Reasoning Using a Laptop,http://videolectures.net/eswc2015_peters_reasoning,32
2015-09-27,Structural Maxent Models,http://videolectures.net/icml2015_kuznetsov_structural_maxent_models,31
2015-12-05,Learning Program Embeddings to Propagate Feedback on Student Code,http://videolectures.net/icml2015_piech_learning_program,31
2016-02-10,Render for CNN: Viewpoint Estimation in Images Using CNNs Trained With Rendered 3D Model Views,http://videolectures.net/iccv2015_su_qi_viewpoint_estimation,31
2015-11-10,LDQL: A Query Language for the Web of Linked Data,http://videolectures.net/iswc2015_hartig_query_language,31
2015-12-05,Variational Inference with Normalizing Flows,http://videolectures.net/icml2015_jimenez_rezende_normalizing_flows,30
2015-09-27,PU Learning for Matrix Completion,http://videolectures.net/icml2015_hsieh_matrix_completion,30
2015-09-27,Large-scale log-determinant computation through stochastic Chebyshev expansions,http://videolectures.net/icml2015_han_log_determinant_computation,30
2015-07-28,The Role of Orbitofrontal Cortex in Cognitive Planning in the Rat,http://videolectures.net/rldm2015_miller_cognitive_planning,30
2015-12-05,Compressing Neural Networks with the Hashing Trick,http://videolectures.net/icml2015_weinberger_neural_networks,30
2015-07-02,Shared Representation Learning for Heterogenous Face Recognition,http://videolectures.net/fgconference2015_lei_face_recognition,30
2015-09-27,Towards a Lower Sample Complexity for Robust One-bit Compressed Sensing,http://videolectures.net/icml2015_zhu_compressed_sensing,29
2015-10-21,Inverted Heuristics in Subgroup Discovery,http://videolectures.net/sikdd2015_valmarska_inverted_heuristics,29
2016-02-10,Polarized 3D: High-Quality Depth Sensing With Polarization Cues,http://videolectures.net/iccv2015_kadambi_polarization_cues,29
2015-07-15, A Linked Data-Based Decision Tree Classifier to Review Movies,http://videolectures.net/eswc2015_aldarra_review_movies,29
2015-07-02,Expression Robust 3D Face Recognition by Matching Multi-component Local Shape Descriptors on the Nasal and Adjoining Cheek Regions,http://videolectures.net/fgconference2015_gao_cheek_regions,29
2015-07-15,Automating RDF Dataset Transformation and Enrichment,http://videolectures.net/eswc2015_sherif_dataset_transformation,29
2015-07-28,Utility-weighted sampling in decisions from experience,http://videolectures.net/rldm2015_lieder_utility_weighted,29
2016-01-06,Online Tracking by Learning Discriminative Saliency Map with Convolutional Neural Network,http://videolectures.net/icml2015_hong_neural_network,29
2016-02-10,Generating Notifications for Missing Actions: Don't Forget to Turn the Lights Off!,http://videolectures.net/iccv2015_soran_missing_actions,28
2015-07-15,FrameBase: Representing N-ary Relations using Semantic Frames,http://videolectures.net/eswc2015_rouces_semantic_frames,28
2015-07-15,RDF-Ext JavaScript library for working with RDF & Linked Data,http://videolectures.net/eswc2015_luggen_rdf,28
2016-02-10,Bilinear CNN Models for Fine-Grained Visual Recognition,http://videolectures.net/iccv2015_lin_visual_recognition,28
2015-05-11,Na mednarodni konferenci tudi zabavne aplikacije ra?unalni��kega vida,http://videolectures.net/STAkrog_znanstvena_konferenca_fg2015,28
2015-09-27,Streaming Sparse Principal Component Analysis,http://videolectures.net/icml2015_yang_principal_component_analysis,28
2015-07-28,Gambling pigeons: Primary rewards are not all that matter,http://videolectures.net/rldm2015_spetch_gambling_pigeons,28
2015-12-05,How Hard is Inference for Structured Prediction?,http://videolectures.net/icml2015_sontag_structured_prediction,28
2016-02-10,Airborne Three-Dimensional Cloud Tomography,http://videolectures.net/iccv2015_levis_cloud_tomography,28
2015-12-05,DiSCO: Distributed Optimization for Self-Concordant Empirical Loss,http://videolectures.net/icml2015_zhang_empirical_loss,28
2015-12-05,Unsupervised Domain Adaptation by Backpropagation,http://videolectures.net/icml2015_ganin_domain_adaptation,28
2015-11-10,Building and Using a Knowledge Graph to Combat Human Trafficking ,http://videolectures.net/iswc2015_szekely_human_trafficking,27
2015-07-28,Efficient Coding and Choice Behavior,http://videolectures.net/rldm2015_woodford_choice_behavior,27
2015-12-05,"Rademacher Observations, Private Data, and Boosting",http://videolectures.net/icml2015_patrini_rademacher_observations,27
2016-03-07,Information-theoretic bounds on learning network dynamics,http://videolectures.net/netadis2015_montanari_network_dynamics,27
2015-12-05,Adding vs. Averaging in Distributed Primal-Dual Optimization,http://videolectures.net/icml2015_smith_dual_optimization,27
2015-09-27,Moderated and Drifting Linear Dynamical Systems,http://videolectures.net/icml2015_guan_linear_dynamical_systems,27
2015-07-02,A Random Forest Approach to Segmenting and Classifying Gestures,http://videolectures.net/fgconference2015_joshi_classifying_gestures,26
2015-07-02,An Overview of Face De-identification in Still Images and Videos,http://videolectures.net/fgconference2015_ribaric_face_deidentification,26
2015-10-21,Forecasting sales based on card transactions data,http://videolectures.net/sikdd2015_moraru_forecasting_sales,26
2015-09-27,Bayesian Multiple Target Localization,http://videolectures.net/icml2015_frazier_target_localization,26
2016-02-10,3D-Assisted Feature Synthesis for Novel Views of an Object,http://videolectures.net/iccv2015_su_feature_synthesis,26
2015-09-27,A Provable Generalized Tensor Spectral Method for Uniform Hypergraph Partitioning,http://videolectures.net/icml2015_ghoshdastidar_tensor_spectral_method,25
2015-09-27,Multiview Triplet Embedding: Learning Attributes in Multiple Maps,http://videolectures.net/icml2015_amid_multiple_maps,25
2015-09-27,Enabling scalable stochastic gradient-based inference for Gaussian processes by employing the Unbiased LInear System SolvEr (ULISSE),http://videolectures.net/icml2015_filippone_unbiased_linear_system,25
2016-02-10,Semantic Component Analysis,http://videolectures.net/iccv2015_murdock_component_analysis,25
2015-09-27,Finding Linear Structure in Large Datasets with Scalable Canonical Correlation Analysis,http://videolectures.net/icml2015_ma_large_datasets,25
2015-07-15,PADTUN - Using Semantic Technologies in Tunnel Diagnosis and Maintenance Domain,http://videolectures.net/eswc2015_dimitrova_tunnel_diagnosis,25
2015-09-27,MRA-based Statistical Learning from Incomplete Rankings,http://videolectures.net/icml2015_sibony_incomplete_rankings,24
2015-07-28,Dopamine type 2 receptors control inverse temperature beta for transition from perceptual inference to reinforcement learning,http://videolectures.net/rldm2015_lee_reinforcement_learning,24
2015-09-27,On the Relationship between Sum-Product Networks and Bayesian Networks,http://videolectures.net/icml2015_zhao_relationship,24
2016-02-10,Partial Person Re-Identification,http://videolectures.net/iccv2015_xiang_partial_person,24
2015-09-27,Convex Formulation for Learning from Positive and Unlabeled Data,http://videolectures.net/icml2015_du_plessis_convex_formulation,24
2015-11-10,Why Harmonized Data Matters: Semantics and Inference Processing in Finance,http://videolectures.net/iswc2015_atkin_harmonized_data,24
2015-12-05,An Asynchronous Distributed Proximal Gradient Method for Composite Convex Optimization,http://videolectures.net/icml2015_iyengar_convex_optimization,24
2015-07-28,Reinforcement Learning in Decentralized Stochastic Control Systems with Partial History Sharing,http://videolectures.net/rldm2015_arabneydi_history_sharing,24
2015-09-27,On the Optimality of Multi-Label Classification under Subset Zero-One Loss for Distributions Satisfying the Composition Property,http://videolectures.net/icml2015_gasse_multi_label_classification,24
2015-12-05,PASSCoDe: Parallel ASynchronous Stochastic dual Co-ordinate Descent,http://videolectures.net/icml2015_hsieh_stochastic_dual,23
2015-09-27,Online Time Series Prediction with Missing Data,http://videolectures.net/icml2015_anava_time_series_prediction,23
2015-12-05,Markov Chain Monte Carlo and Variational Inference: Bridging the Gap,http://videolectures.net/icml2015_salimans_variational_inference,23
2015-12-05,Learning Submodular Losses with the Lovasz Hinge,http://videolectures.net/icml2015_yu_lovasz_hinge,23
2016-02-10,Robust and Optimal Sum-of-Squares-Based Point-to-Plane Registration of Image Sets and Structured Scenes,http://videolectures.net/iccv2015_pani_pudel_image_sets,23
2015-10-22,Information extraction with Linked Data,http://videolectures.net/eswc2015_augenstein_information_extraction,22
2015-09-27,Alpha-Beta Divergences Discover Micro and Macro Structures in Data,http://videolectures.net/icml2015_levine_alpha_beta_divergences,22
2015-12-05,DP-space: Bayesian Nonparametric Subspace Clustering with Small-variance Asymptotics,http://videolectures.net/icml2015_wang_bayesian_nonparametric,22
2015-09-27,Generalization error bounds for learning to rank: Does the length of document lists matter?,http://videolectures.net/icml2015_chaudhuri_error_bounds,22
2015-07-28,Self-reinforcing expectancy effects on pain: Behavioral and brain mechanisms,http://videolectures.net/rldm2015_jepma_expectancy_effects,22
2015-10-21,A multi-scale methodology for explaining data streams,http://videolectures.net/sikdd2015_stopar_multiscale_methodology,22
2016-02-10,Training a Feedback Loop for Hand Pose Estimation,http://videolectures.net/iccv2015_oberweger_feedback_loop,22
2016-02-10,Shape Interaction Matrix Revisited and Robustified: Efficient Subspace Clustering With Corrupted and Incomplete Data,http://videolectures.net/iccv2015_ji_incomplete_data,22
2015-09-27,A Unifying Framework of Anytime Sparse Gaussian Process Regression Models with Stochastic Variational Inference for Big Data,http://videolectures.net/icml2015_low_unifying_framework,22
2015-07-02,Hierarchical Hybrid Statistic based Video Binary Code and Its Application to Face Retrieval in TV-Series,http://videolectures.net/fgconference2015_chen_face_retrieval,22
2015-07-15,Query Execution Optimization for Clients of Triple Pattern Fragments,http://videolectures.net/eswc2015_van_herwegen_pattern_fragments,22
2015-07-28,"Neural coding of upshifted, downshifted, and blocked outcomes in the rat (lateral) orbitofrontal cortex",http://videolectures.net/rldm2015_schoenbaum_neural_coding,21
2015-07-15,Inductive Classification Through Evidence-Based Models and Their Ensembles,http://videolectures.net/eswc2015_rizzo_inductive_classification,21
2015-10-20,Opening up Macedonia ��� The Macedonian perspective on Open Education,http://videolectures.net/internetofeducation2015_stojanovska_opening_up,21
2015-12-05,Manifold-valued Dirichlet Processes,http://videolectures.net/icml2015_kim_dirichlet_processes,21
2015-10-21,Modelling in Energy Related Scenarios,http://videolectures.net/sikdd2015_kenda_energy_scenarios,21
2015-10-22,Building and using ontologies,http://videolectures.net/eswc2015_simperl_building_ontologies,21
2015-09-27,Submodularity in Data Subset Selection and Active Learning,http://videolectures.net/icml2015_wei_submodularity,21
2015-07-02,Human Pose Search using Deep Poselets,http://videolectures.net/fgconference2015_jammalamadaka_pose_search,21
2015-07-02,Modeling Transition Patterns Between Events for Temporal Human Action Segmentation and Classification,http://videolectures.net/fgconference2015_kim_human_action,21
2015-09-27,Learning Local Invariant Mahalanobis Distances,http://videolectures.net/icml2015_fetaya_mahalanobis_distances,21
2016-03-07,Inference in kinetic Ising models: mean-field and Bayes estimators,http://videolectures.net/netadis2015_bachschmid_romano_kinetic_ising_models,21
2015-12-20,Ve?jezi?ni javni servisi v Sloveniji ,http://videolectures.net/elrc2015_panel_javni_servisi,21
2016-02-10,Learning Complexity-Aware Cascades for Deep Pedestrian Detection,http://videolectures.net/iccv2015_cai_pedestrian_detection,21
2015-09-27,Complex Event Detection using Semantic Saliency and Nearly-Isotonic SVM,http://videolectures.net/icml2015_chang_complex_event_detection,21
2015-09-27,Attribute Efficient Linear Regression with Distribution-Dependent Sampling,http://videolectures.net/icml2015_kukliansky_linear_regression,21
2015-12-05,Telling cause from effect in deterministic linear dynamical systems,http://videolectures.net/icml2015_shajarisales_dynamical_systems,21
2015-09-27,Random Coordinate Descent Methods for Minimizing Decomposable Submodular Functions,http://videolectures.net/icml2015_ene_decomposable_submodular_functions,21
2015-09-27,Fast Kronecker Inference in Gaussian Processes with non-Gaussian Likelihoods,http://videolectures.net/icml2015_flaxman_fast_kronecker_inference,21
2015-07-15,A Context-Based Semantics for SPARQL Property Paths over the Web,http://videolectures.net/eswc2015_hartig_sparql_paths,21
2015-11-10,Serving DBPedia with DOLCE - More than Just Adding a Cherry on Top,http://videolectures.net/iswc2015_paulheim_serving_dbpedia,20
2016-02-10,"Segment-Phrase Table for Semantic Segmentation, Visual Entailment and Paraphrasing",http://videolectures.net/iccv2015_divvala_semantic_segmentation,20
2015-09-27,Double Nystr��m Method: An Efficient and Accurate Nystr��m Scheme for Large-Scale Data Sets,http://videolectures.net/icml2015_lim_large_scale_data_sets,20
2015-07-15,Using Semantic Web Technologies for Enterprise Architecture Analysis,http://videolectures.net/eswc2015_osenberg_architecture_analysis,20
2016-02-10,Multi-Image Matching via Fast Alternating Minimization,http://videolectures.net/iccv2015_zhou_alternating_minimization,20
2015-07-02,Panel session: The Promise and Perils of Found Data,http://videolectures.net/fgconference2015_cohn_panel,20
2015-09-27,Feature-Budgeted Random Forest,http://videolectures.net/icml2015_nan_random_forest,20
2015-07-02,The Social Signal Value of Emotion Expressions: The Impact of Context and Culture,http://videolectures.net/fgconference2015_hess_context_culture,20
2015-12-05,Gradient-based Hyperparameter Optimization through Reversible Learning,http://videolectures.net/icml2015_duvenaud_reversible_learning,20
2015-09-27,Yinyang K-Means: A Drop-In Replacement of the Classic K-Means with Consistent Speedup,http://videolectures.net/icml2015_shen_yinyang_k_means,20
2015-12-01, FORCE project with Michael Remes,http://videolectures.net/esr2015_remes_force_project,20
2015-12-05,Universal Value Function Approximators,http://videolectures.net/icml2015_schaul_universal_value,20
2016-03-07,Learning multi-scale temporal dynamics with recurrent neural networks,http://videolectures.net/netadis2015_taylor_neural_networks,20
2015-09-27,Consistent Multiclass Algorithms for Complex Performance Measures,http://videolectures.net/icml2015_narasimhan_complex_performance_measures,20
2015-09-27,Non-Linear Cross-Domain Collaborative Filtering via Hyper-Structure Transfer,http://videolectures.net/icml2015_wu_collaborative_filtering,20
2015-09-27,An Explicit Sampling Dependent Spectral Error Bound for Column Subset Selection,http://videolectures.net/icml2015_yang_spectral_error,20
2016-02-10,Dense Semantic Correspondence Where Every Pixel is a Classifier,http://videolectures.net/iccv2015_valmadre_semantic_correspondence,20
2015-09-27,Learning Fast-Mixing Models for Structured Prediction,http://videolectures.net/icml2015_steinhardt_fast_mixing_models,20
2015-07-02,De-Identifying Facial Images Using Projections on Hyperspheres,http://videolectures.net/fgconference2015_tefas_facial_images,19
2015-09-27,Inference in a Partially Observed Queuing Model with Applications in Ecology,http://videolectures.net/icml2015_winner_queuing_model,19
2015-10-22,Far far away: driving HMI requirements towards the comfortable range in Electric Vehicles,http://videolectures.net/emender2015_calefato_electric_vehicles,19
2015-12-05,Latent Gaussian Processes for Distribution Estimation of Multivariate Categorical Data,http://videolectures.net/icml2015_gal_categorical_data,19
2016-02-10,Low-Rank Matrix Factorization Under General Mixture Noise Distributions,http://videolectures.net/iccv2015_cao_matrix_factorization,19
2015-09-27,Robust Estimation of Transition Matrices in High Dimensional Heavy-tailed Vector Autoregressive Processes,http://videolectures.net/icml2015_xu_transition_matrices,19
2015-12-05,Learning Transferable Features with Deep Adaptation Networks,http://videolectures.net/icml2015_long_deep_adaptation,19
2015-09-27,Landmarking Manifolds with Gaussian Processes,http://videolectures.net/icml2015_liang_landmarking_manifolds,19
2015-09-27,Active Nearest Neighbors in Changing Environments,http://videolectures.net/icml2015_berlind_active_nearest_neighbors,19
2015-07-15,Learning a Cross-Lingual Semantic Representation of Relations Expressed in Text,http://videolectures.net/eswc2015_rettinger_semantic_representation,19
2015-09-27,Budget Allocation Problem with Multiple Advertisers: A Game Theoretic View,http://videolectures.net/icml2015_yabe_budget_allocation_problem,18
2015-07-15,Quality Assessment of Linked Datasets using Probabilistic Approximations,http://videolectures.net/eswc2015_debattista_linked_datasets,18
2015-09-27,Threshold Influence Model for Allocating Advertising Budgets,http://videolectures.net/icml2015_miyauchi_advertising_budgets,18
2015-12-05,A Stochastic PCA and SVD Algorithm with an Exponential Convergence Rate,http://videolectures.net/icml2015_shamir_convergence_rate,18
2015-12-05,Removing systematic errors for exoplanet search via latent causes,http://videolectures.net/icml2015_schoelkopf_systematic_errors,18
2015-12-05,Optimal Regret Analysis of Thompson Sampling in Stochastic Multi-armed Bandit Problem with Multiple Plays,http://videolectures.net/icml2015_komiyama_bandit_problem,18
2015-12-05,Trust Region Policy Optimization,http://videolectures.net/icml2015_schulman_policy_optimization,18
2015-09-27,Information Geometry and Minimum Description Length Networks,http://videolectures.net/icml2015_sun_information_geometry,18
2015-12-05,Counterfactual Risk Minimization: Learning from Logged Bandit Feedback,http://videolectures.net/icml2015_swaminathan_bandit_feedback,18
2016-02-10,Registering Images to Untextured Geometry Using Average Shading Gradients,http://videolectures.net/iccv2015_ploetz_registering_images,18
2016-02-10,Robust Nonrigid Registration by Convex Optimization,http://videolectures.net/iccv2015_chen_convex_optimization,18
2015-09-27,A Probabilistic Model for Dirty Multi-task Feature Selection,http://videolectures.net/icml2015_hernandez_lobato_probabilistic_model,18
2015-07-15,Knowledge Enabled Approach to Predict the Location of Twitter Users,http://videolectures.net/eswc2015_sheth_twitter_users,18
2015-09-27,Coresets for Nonparametric Estimation - the Case of DP-Means,http://videolectures.net/icml2015_bachem_nonparametric_estimation,18
2015-12-05,Learning Treatment Policies in Mobile Health,http://videolectures.net/icml2015_murphy_mobile_health,18
2015-07-15,Uduvudu: A Graph-Aware and Adaptive UI Framework for Linked Data ,http://videolectures.net/eswc2015_luggen_uduvudu,18
2015-09-27,A Deterministic Analysis of Noisy Sparse Subspace Clustering for Dimensionality-reduced Data,http://videolectures.net/icml2015_wang_dimensionality_reduced_data,18
2015-09-27,A Theoretical Analysis of Metric Hypothesis Transfer Learning,http://videolectures.net/icml2015_perrot_transfer_learning,18
2015-12-21,Linguistic annotation of social media corpora: To what extent do we have to adapt existing encoding standards and tag sets?,http://videolectures.net/slovenscina2015_beisswenger_linguistic_annotation,18
2015-09-27,Community Detection Using Time-Dependent Personalized PageRank,http://videolectures.net/icml2015_avron_community_detection,17
2015-12-21,Razvoj korpusa slovenskih spletnih uporabni��kih vsebin Janes,http://videolectures.net/slovenscina2015_erjavec_razvoj_korpusa,17
2015-12-05,Strongly Adaptive Online Learning,http://videolectures.net/icml2015_gonen_online_learning,17
2015-07-15,Introduction to the Linked Data Mining Challenge,http://videolectures.net/eswc2015_ristoski_data_mining,17
2015-12-05,Stochastic Primal-Dual Coordinate Method for Regularized Empirical Risk Minimization,http://videolectures.net/icml2015_zhang_risk_minimization,17
2015-07-02,FG 2015 Opening,http://videolectures.net/fgconference2015_opening,17
2015-12-05,Learning Word Representations with Hierarchical Sparse Coding,http://videolectures.net/icml2015_yogatama_sparse_coding,17
2015-12-05,Scaling up Natural Gradient by Sparsely Factorizing the Inverse Fisher Matrix,http://videolectures.net/icml2015_grosse_fisher_matrix,17
2015-09-27,Geometric Conditions for Subspace-Sparse Recovery,http://videolectures.net/icml2015_vidal_subspace_sparse_recovery,17
2015-09-27,The Power of Randomization: Distributed Submodular Maximization on Massive Datasets,http://videolectures.net/icml2015_ward_randomization,17
2015-12-01,Opening Ceremony,http://videolectures.net/iswc2015_staab_opening,17
2015-09-27,Safe Subspace Screening for Nuclear Norm Regularized Least Squares Problems,http://videolectures.net/icml2015_zhou_safe_subspace_screening,17
2015-07-02,Lessons from Collecting a Million Biometric Samples,http://videolectures.net/fgconference2015_phillips_biometric_samples,17
2015-07-15,Entity Recommendations Using Hierarchical Knowledge Bases,http://videolectures.net/eswc2015_sheth_knowledge_bases,17
2015-08-10,Comprehensibility and usability of classification trees,http://videolectures.net/solomon_piltaver_classification_trees,17
2015-11-10,Content-based recommendations via DBpedia and Freebase: a case study in the music domain,http://videolectures.net/iswc2015_tomeo_knowledge_graphs,17
2015-12-05,Global Convergence of Stochastic Gradient Descent for Some Non-convex Matrix Problems,http://videolectures.net/icml2015_de_sa_matrix_problems,17
2015-12-05,A Hybrid Approach for Probabilistic Inference using Random Projections,http://videolectures.net/icml2015_ermon_hybrid_approach,17
2015-12-05,The Fundamental Incompatibility of Scalable Hamiltonian Monte Carlo and Naive Data Subsampling,http://videolectures.net/icml2015_betancourt_data_subsampling,16
2015-07-15,Cooperative Techniques for SPARQL Query Relaxation in RDF Databases,http://videolectures.net/eswc2015_fokou_rdf_databases,16
2015-11-10,LinkDaViz - Automatic Binding of Linked Data to Visualizations,http://videolectures.net/iswc2015_thellmann_automatic_binding,16
2015-07-15,What Crowdsourcing Tells Us about Cognition: the Case of Anaphora,http://videolectures.net/eswc2015_poesio_case_of_anaphora,16
2015-07-02,Multi-Instance Hidden Markov Model For Facial Expression Recognition,http://videolectures.net/fgconference2015_ji_facial_expression,16
2015-10-22,How to monitor global media?,http://videolectures.net/eswc2015_grobelnik_global_media,16
2015-12-05,Long Short-Term Memory Over Recursive Structures,http://videolectures.net/icml2015_zhu_recursive_structures,16
2015-07-15,Supporting Open Collaboration in Science through Explicit and Linked Semantic Description of Processes,http://videolectures.net/eswc2015_michel_semantic_description,16
2015-12-05,Scalable Nonparametric Bayesian Inference on Point Processes with Gaussian Processes,http://videolectures.net/icml2015_kom_samo_gaussian_processes,16
2015-12-05,Boosted Categorical Restricted Boltzmann Machine for Computational Prediction of Splice Junctions,http://videolectures.net/icml2015_lee_splice_junctions,16
2015-07-15,Distributed and Scalable OWL EL Reasoning,http://videolectures.net/eswc2015_mutharaju_scalable_reasoning,16
2015-09-27,Convergence rate of Bayesian tensor estimator and its minimax optimality,http://videolectures.net/icml2015_suzuki_convergence_rate,16
2015-09-27,Multi-view Sparse Co-clustering via Proximal Alternating Linearized Minimization,http://videolectures.net/icml2015_bi_multi_view_sparse_co_clustering,16
2015-11-10,"Collecting, Integrating, Enriching and Republishing Open City Data as Linked Data",http://videolectures.net/iswc2015_bischof_linked_data,16
2015-09-27,Low Rank Approximation using Error Correcting Coding Matrices,http://videolectures.net/icml2015_ubaru_coding_matrices,16
2015-07-15,Closing and Award Ceremony,http://videolectures.net/eswc2015_gandon_closing_award,15
2015-07-02,Detecting Bids for Eye Contact Using A Wearable Camera,http://videolectures.net/fgconference2015_ye_wearable_camera,15
2015-12-05,Stochastic Dual Coordinate Ascent with Adaptive Probabilities,http://videolectures.net/icml2015_qu_adaptive_probabilities,15
2015-12-05,On Symmetric and Asymmetric LSHs for Inner Product Search,http://videolectures.net/icml2015_srebro_product_search,15
2015-12-05,Privacy for Free: Posterior Sampling and Stochastic Gradient Monte Carlo,http://videolectures.net/icml2015_wang_stochastic_gradient,15
2015-09-27,Stay on path: PCA along graph paths,http://videolectures.net/icml2015_asteris_graph_paths,15
2015-12-01,Stephen Purcell interview,http://videolectures.net/esr2015_purcell_interview,15
2015-09-27,Convex Calibrated Surrogates for Hierarchical Classification,http://videolectures.net/icml2015_ramaswamy_hierarchical_classification,15
2015-07-15,Heuristics for Fixing Common Errors in Deployed schema.org Microdata,http://videolectures.net/eswc2015_meusel_schema_org,15
2015-09-27,Safe Screening for Multi-Task Feature Learning with Multiple Data Matrices,http://videolectures.net/icml2015_yang_feature_learning,15
2015-09-27,A Deeper Look at Planning as Learning from Replay,http://videolectures.net/icml2015_van_seijen_learning_from_replay,14
2016-02-10,SPM-BP: Sped-up PatchMatch Belief Propagation for Continuous MRFs,http://videolectures.net/iccv2015_li_belief_propagation,14
2015-12-20,Kak��ne vrste podatkov potrebujemo,http://videolectures.net/elrc2015_vintar_vrste_podatkov,14
2015-12-05,Safe Exploration for Optimization with Gaussian Processes,http://videolectures.net/icml2015_gotovos_gaussian_processes,14
2015-12-01,"Security, Privacy and Big Data Standards",http://videolectures.net/esr2015_walshe_big_data,14
2015-12-05,Hashing for Distributed Data,http://videolectures.net/icml2015_leng_distributed_data,14
2015-09-27,Convex Learning of Multiple Tasks and their Structure,http://videolectures.net/icml2015_ciliberto_convex_learning,14
2015-12-05,Probabilistic Backpropagation for Scalable Learning of Bayesian Neural Networks,http://videolectures.net/icml2015_hernandez_lobato_bayesian_neural,14
2015-11-10,Substring Filtering for Low-Cost Linked Data Interfaces,http://videolectures.net/iswc2015_van_herwegen_substring_filtering,14
2015-05-29,"Robot, ki sli��i in govori",http://videolectures.net/single_podpecan_robot,14
2015-07-02,A Survey on Mouth Modeling and Analysis for Sign Language Recognition,http://videolectures.net/fgconference2015_antonakos_sign_language,14
2015-11-10,LOD Lab: Experiments at LOD Scale,http://videolectures.net/iswc2015_rietveld_lod_scale,14
2015-12-05,Harmonic Exponential Families on Manifolds,http://videolectures.net/icml2015_cohen_exponential_families,14
2016-02-10,Camera Pose Voting for Large-Scale Image-Based Localization,http://videolectures.net/iccv2015_zeisl_pose_voting,14
2015-09-27,A Unified Framework for Outlier-Robust PCA-like Algorithms,http://videolectures.net/icml2015_yang_pca_like_algorithms,14
2015-07-28,"Online, semi-parametric estimation of optimal treatment allocations for the control of emerging epidemics",http://videolectures.net/rldm2015_laber_optimal_treatment,14
2015-09-27,A low variance consistent test of relative dependency,http://videolectures.net/icml2015_bounliphone_relative_dependency,14
2015-07-15,A Compact In-Memory Dictionary for RDF data,http://videolectures.net/eswc2015_bazoobandi_rdf_data,14
2015-12-05,Tracking Approximate Solutions of Parameterized Optimization Problems over Multi-Dimensional (Hyper-)Parameter Domains,http://videolectures.net/icml2015_laue_approximate_solutions,14
2015-07-15,Opening Ceremony,http://videolectures.net/eswc2015_gandon_opening_ceremony,14
2015-10-21,Relating biological and clinical features of Alzheimers patients with predictive clustering trees,http://videolectures.net/sikdd2015_breskvar_alzheimer_patients,14
2015-09-27,An Online Learning Algorithm for Bilinear Models,http://videolectures.net/icml2015_wu_bilinear_models,14
2015-07-02,Privacy in Mini-drone Based Video Surveillance,http://videolectures.net/fgconference2015_ebrahimi_video_surveillance,14
2015-12-05,A Bayesian nonparametric procedure for comparing algorithms,http://videolectures.net/icml2015_mangili_comparing_algorithms,13
2015-12-05,Generative Moment Matching Networks,http://videolectures.net/icml2015_swersky_matching_networks,13
2015-12-05,Binary Embedding: Fundamental Limits and Fast Algorithm,http://videolectures.net/icml2015_caramanis_fast_algorithm,13
2015-07-02,DECAF: MEG-based Multimodal Database for Decoding Affective Physiological Responses,http://videolectures.net/fgconference2015_sebe_physiological_responses,13
2015-10-20,UNESCO in the Field of Education Creativity and Multi-Stakeholder Co-Creation ,http://videolectures.net/internetofeducation2015_hrastelj_unesco,13
2015-09-27,"Distributional Rank Aggregation, and an Axiomatic Analysis",http://videolectures.net/icml2015_pareek_rank_aggregation,13
2015-12-05,Distributed Box-Constrained Quadratic Optimization for Dual Linear SVM,http://videolectures.net/icml2015_lee_quadratic_optimization,13
2015-12-05,A General Analysis of the Convergence of ADMM,http://videolectures.net/icml2015_nishihara_general_analysis,13
2015-10-21,Event detection in twitter with an event knowledge base,http://videolectures.net/sikdd2015_rei_event_detection,13
2015-07-02,Variable-state Latent Conditional Random Fields for Facial Expression Recognition and Action Unit Detection,http://videolectures.net/fgconference2015_walecki_unit_detection,13
2015-09-27,Learning Parametric-Output HMMs with Two Aliased States,http://videolectures.net/icml2015_weiss_parametric_output_hmms,13
2015-07-15,Utilizing the Open Movie Data Base for Predicting the Review Class of Movies,http://videolectures.net/eswc2015_schaible_movie_data,13
2015-11-10,Recursion in SPARQL,http://videolectures.net/iswc2015_reutter_recursion_sparql,13
2015-11-10,Opportunistic Linked Data Querying through Approximate Membership Metadata,http://videolectures.net/iswc2015_vander_sande_data_querying,13
2015-07-15,RSLT (RDF Stylesheet Language Transformations),http://videolectures.net/eswc2015_peroni_rslt,13
2015-07-02,Pain Assessment in Infants: Towards Spotting the Pain Expression Based on the Facial Strain,http://videolectures.net/fgconference2015_alzamzmi_facial_strain,13
2015-07-02,Active Nonrigid ICP Algorithm,http://videolectures.net/fgconference2015_cheng_icp_algorithm,13
2015-07-02,Distinguishable De-identified Faces,http://videolectures.net/fgconference2015_sun_faces,12
2015-12-01,Cluster Projects II: S-HELP and COBACORE,http://videolectures.net/esr2015_neville_neef_cluster_projects,12
2015-09-27,Sparse Variational Inference for Generalized GP Models,http://videolectures.net/icml2015_sheth_generalized_gp_models,12
2015-07-02,Spontaneous Facial Expression Analysis Based on Temperature Changes and Head Motions,http://videolectures.net/fgconference2015_liu_head_motions,12
2015-12-05,Weight Uncertainty in Neural Network,http://videolectures.net/icml2015_blundell_neural_network,12
2015-07-15,RODI: A Benchmark for Automatic Mapping Generation in Relational-to-Ontology Data Integration,http://videolectures.net/eswc2015_pinkel_data_integration,12
2015-09-27,Subsampling Methods for Persistent Homology,http://videolectures.net/icml2015_michel_persistent_homology,12
2015-12-05,A Nearly-Linear Time Framework for Graph-Structured Sparsity ,http://videolectures.net/icml2015_schmidt_time_framework,12
2015-12-05,Variational Generative Stochastic Networks with Collaborative Shaping,http://videolectures.net/icml2015_bachman_collaborative_shaping,12
2016-02-10,Closing Reception,http://videolectures.net/iccv2015_closing_reception,12
2015-07-02,Automated Prediction and Analysis of Job Interview Performance: The Role of What You Say and How You Say It,http://videolectures.net/fgconference2015_hoque_automated_prediction,12
2015-12-05,Optimizing Neural Networks with Kronecker-factored Approximate Curvature,http://videolectures.net/icml2015_martens_approximate_curvature,12
2015-12-01,Tom Flynn interview,http://videolectures.net/esr2015_flynn_interview,12
2015-09-27,Statistical and Algorithmic Perspectives on Randomized Sketching for Ordinary Least-Squares,http://videolectures.net/icml2015_gittens_ordinary_least_squares,12
2015-07-02,My 10 Year Research Vision: Face Analysis Systems,http://videolectures.net/fgconference2015_pietikainen_face_analysis,12
2015-12-05,Exponential Integration for Hamiltonian Monte Carlo,http://videolectures.net/icml2015_chao_exponential_integration,12
2016-03-07,A matrix product algorithm for the far-from-equilibrium evolution of dynamical processes on networks,http://videolectures.net/netadis2015_de_bacco_dynamical_processes,12
2015-07-28,Direct Predictive Collaborative Control of a Prosthetic Arm,http://videolectures.net/rldm2015_pilarski_prosthetic_arm,12
2015-07-28,Choice reflexes in the rodent habit system,http://videolectures.net/rldm2015_gruber_choice_reflexes,12
2015-10-22,Big Data Techniques For Supporting Prediction of Renewable Energy Production,http://videolectures.net/emender2015_masciari_big_data,12
2015-09-27,Following the Perturbed Leader for Online Structured Learning,http://videolectures.net/icml2015_cohen_online_structured_learning,12
2015-12-05,MADE: Masked Autoencoder for Distribution Estimation,http://videolectures.net/icml2015_germain_distribution_estimation,12
2015-09-27,On Identifying Good Options under Combinatorially Structured Feedback in Finite Noisy Environments,http://videolectures.net/icml2015_wu_finite_noisy_environments,12
2015-12-05,Simple regret for infinitely many armed bandits,http://videolectures.net/icml2015_carpentier_armed_bandits,12
2015-12-05,Differentially Private Bayesian Optimization ,http://videolectures.net/icml2015_kusner_bayesian_optimization,12
2015-07-15,Using @Twitter Conventions to Improve #LOD-Based Named Entity Disambiguation,http://videolectures.net/eswc2015_gorrell_named_entities,12
2015-07-15,From Symptoms to Diseases - Creating the Missing Link,http://videolectures.net/eswc2015_oberkampf_missing_link,11
2015-07-28,Learning Dynamic Locomotion Skills for Terrains with Obstacles,http://videolectures.net/rldm2015_van_de_panne_obstacles,11
2015-07-15,Standardized and Efficient RDF Encoding for Constrained Embedded Networks,http://videolectures.net/eswc2015_kaebisch_embedded_networks,11
2015-07-15,On Discovering Relationships in Multi-Label Learning via Linked Open Data ,http://videolectures.net/eswc2015_papagiannopoulou_open_data,11
2015-12-05,Mind the duality gap: safer rules for the Lasso,http://videolectures.net/icml2015_gramfort_duality_gap,11
2015-12-05,How Can Deep Rectifier Networks Achieve Linear Separability and Preserve Distances?,http://videolectures.net/icml2015_an_linear_separability,11
2015-11-10,Type-Constrained Representation Learning in Knowledge Graphs,http://videolectures.net/iswc2015_krompass_representation_learning,11
2016-02-10,Opening the Black Box: Hierarchical Sampling Optimization for Estimating Human Hand Pose,http://videolectures.net/iccv2015_taylor_hierarchical_sampling,11
2016-02-10,Flow Fields: Dense Correspondence Fields for Highly Accurate Large Displacement Optical Flow Estimation,http://videolectures.net/iccv2015_bailer_flow_fields,11
2015-12-05,Discovering Temporal Causal Relations from Subsampled Data,http://videolectures.net/icml2015_zhang_subsampled_data,11
2015-07-15,"Brave new data, revisited",http://videolectures.net/eswc2015_naumann_new_data,11
2015-07-02,Action Unit Intensity Estimation using Hierarchical Partial Least Squares,http://videolectures.net/fgconference2015_gehrig_least_squares,11
2015-10-20,OpeningupSlovenia and UNESCO Chair activities ��� Artificial Intelligence and ICT for Open Education,http://videolectures.net/internetofeducation2015_jermol_opening_up,11
2015-09-27,Bipartite Edge Prediction via Transductive Learning over Product Graphs,http://videolectures.net/icml2015_liu_bipartite_edge_prediction,11
2015-12-01,RESILENS project with Ehiaze Ehimen,http://videolectures.net/esr2015_ehimen_resilens_project,11
2015-07-15,Requirements for and Evaluation of User Support for Large-Scale Ontology Alignment,http://videolectures.net/eswc2015_ivanova_ontology_alignment,11
2015-07-15,Semi-supervised Instance Matching Using Boosted Classifiers,http://videolectures.net/eswc2015_kejriwal_boosted_classifiers,11
2015-09-27,A Divide and Conquer Framework for Distributed Graph ClusteringLearning with Multiple Data Matrices,http://videolectures.net/icml2015_yang_distributed_graph_clustering,11
2015-09-27,Safe Policy Search for Lifelong Reinforcement Learning with Sublinear Regret,http://videolectures.net/icml2015_eaton_lifelong_reinforcement_learning,11
2016-02-10,"Uncovering Interactions and Interactors: Joint Estimation of Head, Body Orientation and F-Formations From Surveillance Videos",http://videolectures.net/iccv2015_varadarajan_surveillance_videos,11
2015-07-02,Multi-sensor System for Driver���s Hand-Gesture Recognition,http://videolectures.net/fgconference2015_molchanov_hand_gesture,10
2015-12-05,Scalable Variational Inference in Log-supermodular Models,http://videolectures.net/icml2015_djolonga_supermodular_models,10
2015-07-15,Gagg: A Graph Aggregation Operator,http://videolectures.net/eswc2015_maali_aggregation_operator,10
2015-11-10,Automatic Curation of Clinical Trials Data in LinkedCT,http://videolectures.net/iswc2015_hassanzadeh_automatic_curation,10
2015-07-15,Troubleshooting and Optimizing Named Entity Resolution Systems in the Industry,http://videolectures.net/eswc2015_alexopoulos_resolution_systems,10
2015-12-05,Efficient Learning in Large-Scale Combinatorial Semi-Bandits,http://videolectures.net/icml2015_kveton_efficient_learning,10
2015-07-02,Play with Me ��� Measuring a Child���s Engagement in a Social Interaction,http://videolectures.net/fgconference2015_rajagopalan_social_interaction,10
2015-12-05,Bayesian and Empirical Bayesian Forests,http://videolectures.net/icml2015_taddy_bayesian_forests,10
2015-07-15,What the Adoption of schema.org Tells About Linked Open Data,http://videolectures.net/eswc2015_paulheim_schema_org,10
2015-07-15,LIME: the Metadata Module for OntoLex,http://videolectures.net/eswc2015_fiorelli_metadata_module,10
2015-11-10,Timely Semantics: A Study of a Stream-based Ranking System for Entity Relationships,http://videolectures.net/iswc2015_fischer_timely_semantics,10
2015-07-02,Automatic group happiness intensity analysis,http://videolectures.net/fgconference2015_goecke_intensity_analysis,10
2015-07-02,Leveraging Geometry and Appearance Cues for Recognizing Family Photos,http://videolectures.net/fgconference2015_wang_family_photos,10
2015-12-05,A trust-region method for stochastic variational inference with applications to streaming data,http://videolectures.net/icml2015_theis_streaming_data,10
2016-03-07,Inference for dynamics of continuous variables: the Extended Plefka expansion with hidden nodes,http://videolectures.net/netadis2015_bravi_continuous_variables,10
2015-11-10,LSQ: Linked SPARQL Queries Dataset ,http://videolectures.net/iswc2015_saleem_queries_dataset,10
2015-07-02,Coupled Discriminative Feature Learning for Heterogeneous Face Recognition,http://videolectures.net/fgconference2015_deng_face_recognition,10
2015-07-02,The More the Merrier: Analysing the Affect of a Group of People in Images,http://videolectures.net/fgconference2015_goecke_people_images,10
2015-07-15,Processing Aggregate Queries in a Federation of SPARQL Endpoints ,http://videolectures.net/eswc2015_ibragimov_sparql_endpoints,10
2015-09-27,Non-Gaussian Discriminative Factor Models via the Max-Margin Rank-Likelihood,http://videolectures.net/icml2015_lian_factor_models,10
2015-12-05,Adaptive Stochastic Alternating Direction Method of Multipliers,http://videolectures.net/icml2015_zhao_direction_method,10
2015-09-27,K-hyperplane Hinge-Minimax Classifier,http://videolectures.net/icml2015_osadchy_hinge_minimax_classifier,10
2015-07-02,Multi-view Discriminant Analysis with Tensor Representation and Its Application to Cross-view Gait Recognition,http://videolectures.net/fgconference2015_makihara_gait_recognition,10
2015-10-22,Ontology reasoning,http://videolectures.net/eswc2015_fundulaki_ontology_reasoning,10
2015-07-15,NEMROD: a framework providing an abstraction layer for handling RDF in a Symfony2 project,http://videolectures.net/eswc2015_de_carne_handling_rdf,10
2015-07-02,Panel session: The Promise and Perils of Found Data,http://videolectures.net/fgconference2015_panel,10
2015-07-02, Secure JPEG Scrambling enabling Privacy in Photo Sharing,http://videolectures.net/fgconference2015_ebrahimi_photo_sharing,10
2015-12-05,Finding Galaxies in the Shadows of Quasars with Gaussian Processes,http://videolectures.net/icml2015_garnett_gaussian_processes,9
2015-07-02,My 10 Year Research Vision: Automatic Sign Language Recognition,http://videolectures.net/fgconference2015_akarun_sign_language,9
2016-03-07,Correlations and signatures of criticality in neural population models,http://videolectures.net/netadis2015_macke_population_models,9
2015-07-02,The FG 2015 Kinship Verification in the Wild Evaluation,http://videolectures.net/fgconference2015_liong_wild_evaluation,9
2015-12-05,Cascading Bandits: Learning to Rank in the Cascade Model ,http://videolectures.net/icml2015_kveton_cascading_bandits,9
2015-09-27,Pushing the Limits of Affine Rank Minimization by Adapting Probabilistic PCA,http://videolectures.net/icml2015_xin_affine_rank_minimization,9
2015-07-02,On the Quantitative Analysis of Craniofacial Asymmetry in 3D,http://videolectures.net/fgconference2015_sukno_craniofacial_asymmetry,9
2015-12-05,Cheap Bandits,http://videolectures.net/icml2015_kumar_hanawal_cheap_bandits,9
2015-07-02,"Group-level Arousal and Valence Recognition in Static Images: Face, Body and Context",http://videolectures.net/fgconference2015_mou_static_images,9
2015-12-05,A Linear Dynamical System Model for Text,http://videolectures.net/icml2015_belanger_dynamical_system,9
2015-07-02,My 10 Year Research Vision: Building the Prosopagnosic Computer,http://videolectures.net/fgconference2015_turk_prosopagnosic_computer,9
2016-01-13,DESTRIERO project with Elena Francioni,http://videolectures.net/esr2015_francioni_destriero_project,9
2015-11-10,RDFox: A Highly-Scalable RDF Store,http://videolectures.net/iswc2015_nenov_rdf_store,9
2015-12-05,Atomic Spatial Processes,http://videolectures.net/icml2015_spencer_spatial_processes,9
2015-07-15,Crowdmapping Digital Social Innovation with Linked Data,http://videolectures.net/eswc2015_halpin_linked_data,9
2015-09-27,Entropy evaluation based on confidence intervals of frequency estimates: Application to the learning of decision trees,http://videolectures.net/icml2015_serrurier_entropy_evaluation,9
2015-10-20,"Language technologies for Education: EMMA - European Multiple MOOC Aggregator, transLectures - Transcription and Translation of Video Lectures, Active2Trans - Active Interaction for Speech Transcription and Translation",http://videolectures.net/internetofeducation2015_ciscar_language_techno,9
2015-12-01,Experiences in Aquaculture,http://videolectures.net/esr2015_seferis_dolan_aquaculture,9
2015-12-20,Evropa in ve?jezi?nost ,http://videolectures.net/elrc2015_jaksa_evropa_vecjezicnost,9
2015-12-05,Online Learning of Eigenvectors,http://videolectures.net/icml2015_garber_online_learning,8
2015-09-27,Learning Scale-Free Networks by Dynamic Node Specific Degree Prior,http://videolectures.net/icml2015_xu_scale_free_networks,8
2015-12-05,Norm Regularization: Error Bounds and Convergence Rate Analysis of First-Order Methods,http://videolectures.net/icml2015_zhou_error_bounds,8
2015-12-05,Scalable Bayesian Optimization Using Deep Neural Networks,http://videolectures.net/icml2015_snoek_neural_networks,8
2015-07-15,Computing Geo-Spatial Motives from Linked Data for Search-driven Applications,http://videolectures.net/eswc2015_both_linked_data,8
2015-12-05,Abstraction Selection in Model-based Reinforcement Learning,http://videolectures.net/icml2015_jiang_reinforcement_learning,8
2015-10-22,Querying Linked Data: SPARQL 101,http://videolectures.net/eswc2015_fundulaki_sparql_101,8
2015-12-05,BilBOWA: Fast Bilingual Distributed Representations without Word Alignments,http://videolectures.net/icml2015_gouws_word_alignments,8
2015-07-15,Developing a Sustainable Platform for Entity Annotation Benchmarks ,http://videolectures.net/eswc2015_usbeck_annotation_benchmarks,8
2015-07-15,Experimental prefetching SPARQL query cacher ,http://videolectures.net/eswc2015_kjernsmo_query_cacher,8
2015-07-02,Controllable Face Privacy,http://videolectures.net/fgconference2015_sim_face_privacy,8
2015-07-02,Comparison of human and computer performance across face recognition experiments,http://videolectures.net/fgconference2015_phillips_recognition_experiments,8
2015-07-15,VocBench: a Web Application for Collaborative Development of Multilingual Thesauri,http://videolectures.net/eswc2015_stellato_web_application,8
2015-11-10,Strategies for Efficiently Keeping Local LOD Data Caches Up-To-Date ,http://videolectures.net/iswc2015_dividino_lod_data,8
2015-11-10,FEASIBLE: A Featured-Based SPARQL Benchmarks Generation Framework,http://videolectures.net/iswc2015_saleem_featured_based,8
2015-10-21,Expanding the OntoDM ontology with network analysis tasks and algorithms,http://videolectures.net/sikdd2015_panov_ontodm_ontology,8
2015-12-05,Adaptive Belief Propagation,http://videolectures.net/icml2015_papachristoudis_belief_propagation,8
2015-10-22,"Fundamentals of Linked Data: main standards and technology components, motivating application scenario",http://videolectures.net/eswc2015_norton_linked_data,8
2015-07-02,Person-specific Behavioral Features for Automatic Stress Detection ,http://videolectures.net/fgconference2015_aigrain_behavioral_features,8
2015-12-05,An Empirical Study of Stochastic Variational Inference Algorithms for the Beta Bernoulli Process,http://videolectures.net/icml2015_shah_empirical_study,8
2015-12-05,Un-regularizing: approximate proximal point and faster stochastic algorithms for empirical risk minimization,http://videolectures.net/icml2015_frostig_risk_minimization,8
2015-07-15,Linked Data in Action: Personalized Museum Tours on Mobile Devices,http://videolectures.net/eswc2015_kovalenko_linked_data,7
2015-12-05,Correlation Clustering in Data Streams,http://videolectures.net/icml2015_guha_data_streams,7
2016-03-07,Efficient signal processing in random networks that generate variability: A comparison of internally generated and externally induced variability,http://videolectures.net/netadis2015_dasgupta_random_networks,7
2015-07-02,An HMM-based Speech-smile Synthesis System: An Approach for Amusement Synthesis,http://videolectures.net/fgconference2015_el_haddad_approach,7
2015-09-27,Entropic Graph-based Posterior Regularization,http://videolectures.net/icml2015_libbrecht_posterior_regularization,7
2015-11-10,SPARQL with Property Paths,http://videolectures.net/iswc2015_reutter_property_paths,7
2015-10-20,Introduction and welcome ��� BiH perspective on Open Education,http://videolectures.net/internetofeducation2015_njuhovic_introduction,7
2015-07-15,Introduction talk,http://videolectures.net/eswc2015_vidal_introduction_talk,7
2015-09-27,Risk and Regret of Hierarchical Bayesian Learners,http://videolectures.net/icml2015_huggins_hierarchical_bayesian_learners,7
2015-07-02,Three Dimensional Binary Edge Feature Representation for Pain Expression Analysis,http://videolectures.net/fgconference2015_yin_pain_expression,7
2015-12-01,AF3 project with Michael Remes,http://videolectures.net/esr2015_remes_af3_project,7
2016-03-07,Inference for piecewise-constant gaussian graphical models,http://videolectures.net/netadis2015_gibberd_gaussian_graphical_models,7
2015-12-05,Ordered Stick-Breaking Prior for Sequential MCMC Inference of Bayesian Nonparametric Models,http://videolectures.net/icml2015_das_nonparametric_models,7
2015-10-21,Mining scientific literature about ageing to support better understanding and treatment of degenerative diseases,http://videolectures.net/sikdd2015_gubiani_mining_literature,7
2015-12-01,Closing and Awards,http://videolectures.net/iswc2015_staab_closing,7
2015-07-15,What's up LOD Cloud - Observing The State of Linked Open Data Cloud Metadata,http://videolectures.net/eswc2015_assaf_open_data,7
2015-12-01,Theme Introduction,http://videolectures.net/esr2015_cowan_theme_intro,7
2015-10-20,Opening up Croatia ��� The Croatian perspective on Open Education,http://videolectures.net/internetofeducation2015_jugo_opening_up,7
2015-12-05,Inferring Graphs from Cascades: A Sparse Recovery Framework,http://videolectures.net/icml2015_horel_recovery_framework,7
2015-12-05,Qualitative Multi-Armed Bandits: A Quantile-Based Approach,http://videolectures.net/icml2015_szorenyi_multi_armed_bandits,7
2015-09-27,Robust partially observable Markov decision process,http://videolectures.net/icml2015_osogami_markov_decision_process,7
2015-11-10,Interest-Based RDF Update Propagation,http://videolectures.net/iswc2015_orlandi_rdf_update,7
2016-02-10,CV-HAZOP: Introducing Test Data Validation for Computer Vision,http://videolectures.net/iccv2015_zendel_computer_vision,7
2015-07-02,Automatic Affective Dimension Recognition from Naturalistic Facial Expressions Based on Wavelet Filtering and PLS Regression,http://videolectures.net/fgconference2015_meng_pls_regression,7
2015-07-15,"Open City Data Pipeline: Collecting, Integrating, and Predicting Open City Data",http://videolectures.net/eswc2015_schneider_city_data,7
2016-03-07,"Implementing efficient ""shotgun"" inference of neural connectivity from highly sub-sampled activity data",http://videolectures.net/netadis2015_soudry_activity_data,7
2015-09-27,Faster cover trees,http://videolectures.net/icml2015_izbicki_faster_cover_trees,7
2015-10-02,Zakonodajni monitor,http://videolectures.net/okroglamizapravo2015_kovacic_zakonodajni_monitor,7
2015-12-05,Paired-Dual Learning for Fast Training of Latent Variable Hinge-Loss MRFs,http://videolectures.net/icml2015_bach_fast_training,7
2015-09-27,A New Generalized Error Path Algorithm for Model Selection,http://videolectures.net/icml2015_gu_model_selection,6
2015-12-20,Automated Translation: How Does It Work?,http://videolectures.net/elrc2015_piperidis_krek_automated_translation,6
2015-12-05,Causal Inference by Identification of Vector Autoregressive Processes with Hidden Components,http://videolectures.net/icml2015_geiger_hidden_components,6
2015-07-02,Speaker de-identification using diphone recognition and speech synthesis,http://videolectures.net/fgconference2015_dobrisek_speech_synthesis,6
2015-07-15,Ontology Consistency and Instance Checking for Real World Linked Data ,http://videolectures.net/eswc2015_mendel_gleason_linked_data,6
2015-12-05,Distributed Inference for Dirichlet Process Mixture Models ,http://videolectures.net/icml2015_chen_distributed_inference,6
2015-12-01,COBACORE project with Martijn Neef,http://videolectures.net/esr2015_neef_cobacore_project,6
2015-07-15,HDT-MR: A Scalable Solution for RDF Compression with HDT and MapReduce,http://videolectures.net/eswc2015_gimenez_garcia_scalable_solution,6
2015-12-05,HawkesTopic: A Joint Model for Network Inference and Topic Modeling from Text-Based Cascades,http://videolectures.net/icml2015_he_topic_modeling,6
2015-09-27,The Kendall and Mallows Kernels for Permutations,http://videolectures.net/icml2015_jiao_permutations,6
2015-12-01,Secure Architectures of Future Emerging Cryptography,http://videolectures.net/esr2015_mcwilliams_secure_future,6
2015-12-05,The Composition Theorem for Differential Privacy,http://videolectures.net/icml2015_oh_differential_privacy,6
2015-12-01,Cluster Projects I: SECTOR and DESTRIERO,http://videolectures.net/esr2015_mauthner_fiorentino_cluster_projects,6
2015-11-10,DBpedia Commons: Structured Multimedia Metadata from the Wikimedia Commons,http://videolectures.net/iswc2015_knuth_dbpedia_commons,6
2015-12-05,A Modified Orthant-Wise Limited Memory Quasi-Newton Method with Convergence Analysis,http://videolectures.net/icml2015_bi_convergence_analysis,6
2015-11-10,ASSESS - Automatic Self-Assessment Using Linked Data ,http://videolectures.net/iswc2015_buehmann_linked_data,6
2015-12-20,Pozdravni nagovor,http://videolectures.net/elrc2015_pavlovic_pozdravni_nagovor,6
2015-12-05,Predictive Entropy Search for Bayesian Optimization with Unknown Constraints,http://videolectures.net/icml2015_hernandez_lobato_predictive_entropy,6
2015-07-15,PhiloWeb,http://videolectures.net/eswc2015_thompson_philoweb,6
2015-11-10,Drug Encyclopedia - a Linked Data Application for Physicians,http://videolectures.net/iswc2015_kozak_drug_encyclopedia,6
2015-10-22,Crowd truth,http://videolectures.net/eswc2015_welty_crowd_truth,6
2015-10-22,Dealing with Multi-linguality for Better Knowledge,http://videolectures.net/eswc2015_hodson_multi_linguality,6
2015-12-01,Theme 4 Panel Questions and Answers,http://videolectures.net/esr2015_beltran_jaunsaras_theme_panel,6
2016-03-07,Inference in Ising models,http://videolectures.net/netadis2015_bhattacharya_ising_models,6
2015-11-10,Facilitating Entity Navigation through Top-K Link Patterns ,http://videolectures.net/iswc2015_zheng_entity_navigation,6
2015-07-15,Scalable and Reactive Programming for Semantic Web Developers,http://videolectures.net/eswc2015_calbimonte_semantic_web,6
2015-11-10,A Generic RDF Transformation Software and its Application to an Online Translation Service for Common Languages of Linked Data ,http://videolectures.net/iswc2015_corby_generic_rdf,5
2015-07-15,What SPARQL Query Logs Tell and do not Tell about Semantic Relatedness in LOD,http://videolectures.net/eswc2015_paulheim_query_logs,5
2015-07-15,HyLAR: Hybrid Location-Agnostic Reasoning,http://videolectures.net/eswc2015_medini_hylar,5
2015-12-01,Lessons Learned: Experiences in other Sectors,http://videolectures.net/esr2015_davy_lessons_learned,5
2015-07-02,Automatic 3D Facial Expression Recognition using Geometric and Textured Feature Fusion,http://videolectures.net/fgconference2015_meng_feature_fusion,5
2015-12-05,An Aligned Subtree Kernel for Weighted Graphs,http://videolectures.net/icml2015_bai_weighted_graphs,5
2015-12-05,JUMP-Means: Small-Variance Asymptotics for Markov Jump Processes,http://videolectures.net/icml2015_huggins_jump_processes,5
2015-12-05,A Convex Exemplar-based Approach to MAD-Bayes Dirichlet Process Mixture Models,http://videolectures.net/icml2015_lin_mixture_models,5
2015-07-15,Interview with a witness,http://videolectures.net/eswc2015_kjernsmo_van_ossenbruggen_interview,5
2015-12-05,Faster Rates for the Frank-Wolfe Method over Strongly-Convex Sets,http://videolectures.net/icml2015_garber_faster_rates,5
2015-07-15,"Ranking Entities in the Age of Two Webs, An Application to Semantic Snippets",http://videolectures.net/eswc2015_alsarem_ranking_entities,5
2015-07-15,Towards the Russian Linked Culture Cloud: Data Enrichment and Publishing,http://videolectures.net/eswc2015_cherny_russian_heritage,5
2015-12-05,The Hedge Algorithm on a Continuum,http://videolectures.net/icml2015_krichene_hedge_algorithm,5
2015-12-01,Theme Introduction,http://videolectures.net/esr2015_cleary_theme_intro,5
2015-12-05,"Proteins, Particles, and Pseudo-Max-Marginals: A Submodular Approach",http://videolectures.net/icml2015_pacheco_submodular_approach,5
2015-12-01,���Cyber threats: hiding in plain sight���,http://videolectures.net/esr2015_simmons_cyber_threats,5
2015-12-05,Dealing with small data: On the generalization of context trees,http://videolectures.net/icml2015_eggeling_context_trees,5
2016-03-07,Exact and approximate solutions for spatial stochastic models of chemical systems,http://videolectures.net/netadis2015_grima_chemical_systems,5
2015-12-05,Reified Context Models,http://videolectures.net/icml2015_steinhardt_context_models,5
2015-07-02,The engines of emotion: towards a shared understanding of the work they do,http://videolectures.net/fgconference2015_cowie_engines_emotion,5
2015-10-20,"Microsoft BiH, Office 365 for Education ��� communication and collaboration platform",http://videolectures.net/internetofeducation2015_begic_office_365,5
2016-03-07,inference of neural circuit connectivity form high-dimensional activity recording data: A survey,http://videolectures.net/netadis2015_doya_neural_circuit_connectivity,5
2015-11-10,Provenance-Centered Dataset of Drug-Drug Interactions,http://videolectures.net/iswc2015_banda_centered_dataset,5
2015-07-15,Towards a Semantic Clinical Data Warehouse: A Case Study of Discovering Similar Genes,http://videolectures.net/eswc2015_kaempgen_similar_genes,5
2015-07-15,Towards Hybrid NER: A Study of Content and Crowdsourcing-Related Performance Factors,http://videolectures.net/eswc2015_feyisetan_performance_factors,4
2015-12-05,Improved Regret Bounds for Undiscounted Continuous Reinforcement Learning,http://videolectures.net/icml2015_ortner_reinforcement_learning,4
2015-12-20,Workshop Aims & Objectives,http://videolectures.net/elrc2015_piperidis_aims_objectives,4
2015-12-20,How can public services benefit from the CEF.AT platform,http://videolectures.net/elrc2015_pilos_public_services,4
2015-12-05,High Confidence Policy Improvement,http://videolectures.net/icml2015_thomas_policy_improvement,4
2015-10-22,?valuation and forecast of electricity consumption in tertiary sector building complex,http://videolectures.net/emender2015_koronaki_building_complex,4
2015-12-05,Phrase-based Image Captioning,http://videolectures.net/icml2015_lebret_image_captioning,4
2015-10-22,Deployment of a partial mesh network for adaption of district level energy optimization schemes,http://videolectures.net/emender2015_tsoukalas_optimization_schemes,4
2015-12-01, Theme 3 Panel Questions and Answers,http://videolectures.net/esr2015_cleary_theme_panel,4
2015-12-05,Message Passing for Collective Graphical Models,http://videolectures.net/icml2015_sun_graphical_models,4
2015-12-20,Sharing Data and Language Resources: Technical Aspects and Best Practices,http://videolectures.net/elrc2015_piperidis_best_practices,4
2015-07-02,Panel session: The Promise and Perils of Found Data,http://videolectures.net/fgconference2015_bowyer_panel,4
2015-10-22,A system for the emergency management in energy network control rooms,http://videolectures.net/emender2015_calefato_emergency_management,4
2015-07-02,Context-based Modeling of Human Communication Dynamics,http://videolectures.net/fgconference2015_morency_context_modeling,4
2015-12-20,Preizkus prevajalnika MT@EC ,http://videolectures.net/elrc2015_zeljko_preizkus_prevajalnika,4
2015-07-02,Panel session: The Promise and Perils of Found Data,http://videolectures.net/fgconference2015_beveridge_panel,4
2015-07-15,Towards Linked Data Fact Validation through Measuring Consensus,http://videolectures.net/eswc2015_liu_linked_data,4
2015-07-02,From pain to laughter: how the body expresses what we feel,http://videolectures.net/fgconference2015_berthouze_pain_laughter,4
2015-12-20,Zaklju?ki in priporo?ila ,http://videolectures.net/elrc2015_piperidis_krek_zakljucki,4
2015-12-05,The Benefits of Learning with Strongly Convex Approximate Inference,http://videolectures.net/icml2015_london_approximate_inference,4
2015-12-05,Celeste: Variational inference for a generative model of astronomical images,http://videolectures.net/icml2015_regier_astronomical_images,4
2015-07-15,Global Media Monitoring,http://videolectures.net/eswc2015_grobelnik_media_monitoring,4
2015-12-01,Theme Introduction,http://videolectures.net/esr2015_beltran_jaunsaras_theme_intro,4
2015-07-02,Panel session: The Promise and Perils of Found Data,http://videolectures.net/fgconference2015_phillips_panel,3
2015-12-05,Vector-Space Markov Random Fields via Exponential Families,http://videolectures.net/icml2015_tansey_exponential_families,3
2015-12-20,Pozdravni nagovor,http://videolectures.net/elrc2015_straus_pozdravni_nagovor,3
2015-12-01,A European Perspective and Perceptions,http://videolectures.net/esr2015_brear_ziercke_eu_perspective,3
2015-11-10,A Flexible Framework for Understanding the Dynamics of Evolving RDF Datasets,http://videolectures.net/iswc2015_roussakis_flexible_framework,3
2016-03-07,Inference problems for irreversible stochastic epidemic models,http://videolectures.net/netadis2015_braunstein_epidemic_models,3
2015-12-05,Metadata Dependent Mondrian Processes,http://videolectures.net/icml2015_wang_mondrian_processes,3
2015-12-01,Theme Introduction,http://videolectures.net/esr2015_cornet_theme_intro,3
2015-12-01,A European Commission Perspective,http://videolectures.net/esr2015_quevauviller_eu_commission,3
2015-07-15,Frank: Algorithmic Access to the LOD Cloud,http://videolectures.net/eswc2015_beek_lod_cloud,3
2015-12-05,Rebuilding Factorized Information Criterion: Asymptotically Accurate Marginal Likelihood,http://videolectures.net/icml2015_hayashi_factorized_information,3
2015-12-20,Za?etek delavnice in nagovor organizatorjev ,http://videolectures.net/elrc2015_krek_piperidis_zacetek_delavnice,3
2015-07-15,Named-Entity-based Linking and Exploration of News using an Adapted Jaccard Metric,http://videolectures.net/eswc2015_de_nies_jaccard_metric,3
2015-09-27,Dynamic Sensing: Better Classification under Acquisition Constraints,http://videolectures.net/icml2015_richman_dynamic_sensing,3
2015-07-15,HDL ��� Towards a Harmonized Dataset Model for Open Data Portals,http://videolectures.net/eswc2015_assaf_harmonized_dataset_model,3
2015-10-22,Truth is a lie: Semantics from a crowd perspective,http://videolectures.net/eswc2015_aroyo_crowd_perspective,2
2015-07-15,Consuming RDF data OOP-way,http://videolectures.net/eswc2015_pluskiewicz_szczepanski_consuming_rdf,2
2015-12-05,A Fast Variational Approach for Learning Markov Random Field Language Models,http://videolectures.net/icml2015_jernite_language_models,2
2015-07-15,Requirements for Federated Data Integration as a Compilation Process,http://videolectures.net/eswc2015_adamou_compilation_process,2
2015-12-01,Theme 1 Panel Questions and Answers,http://videolectures.net/esr2015_cornet_theme_panel,2
2015-07-15,Certifying the interoperability of RDF database systems,http://videolectures.net/eswc2015_rafes_database_systems,2
2015-12-20,Pravni okvir pridobivanja jezikovnih podatkov ,http://videolectures.net/elrc2015_bogataj_jancic_pravni_okvir,2
2015-07-02,Comparing categorical and dimensional ratings of emotional speech,http://videolectures.net/fgconference2015_amir_dimensional_ratings,2
2015-12-05,Bimodal Modelling of Source Code and Natural Language,http://videolectures.net/icml2015_allamanis_natural_language,2
2015-12-05,Large-scale Distributed Dependent Nonparametric Trees,http://videolectures.net/icml2015_hu_nonparametric_trees,2
2015-12-01,Proactive and reactive risk management,http://videolectures.net/esr2015_kanoun_proactive_risk,1
2015-12-01,Theme 2 Panel Questions and Answers,http://videolectures.net/esr2015_cowan_theme_panel,1
2015-07-15,Towards Linked Data Update Notifications,http://videolectures.net/eswc2015_knuth_linked_data,1
2015-07-15,Scalable Semantic Version Control for Linked Data Management,http://videolectures.net/eswc2015_hauptmann_linked_data,1
2015-12-05,PeakSeg: constrained optimal segmentation and supervised penalty learning for peak detection in count data,http://videolectures.net/icml2015_hocking_count_data,1
2015-07-15,Sorted Neighborhood for Schema-free RDF Data,http://videolectures.net/eswc2015_kejriwal_sorted_neighborhood,1
2015-07-15,A linkset quality metric measuring multilingual gain in SKOS Thesauri,http://videolectures.net/eswc2015_albertoni_linkset_quality,1
2015-07-02,The influence of context on emotion recognition in humans ,http://videolectures.net/fgconference2015_hess_context_emotion,1
2015-07-15,"Finding, Assessing, and Integrating Statistical Sources for Data Mining",http://videolectures.net/eswc2015_knoblock_data_mining,1
2016-05-24,Global Computing for our Complex World,http://videolectures.net/outofthebox_bishop_global_computing,0
2015-10-20,"2nd Internet of Education Conference, Sarajevo 2015",http://videolectures.net/internetofeducation2015_sarajevo,0
2015-08-24,"11th IEEE International Conference on Automatic Face and Gesture Recognition (FG), Ljubljana 2015",http://videolectures.net/fgconference2015_ljubljana,0
2015-12-21,"Znanstvena konferenca Sloven��?ina na spletu in v novih medijih, Ljubljana 2015",http://videolectures.net/slovenscina2015_ljubljana,0
2015-11-16,Exhibiton interviews,http://videolectures.net/esr2015_exhibition_interviews,0
2016-05-24,From Learning to Cognition,http://videolectures.net/workshops2012_watkins_learning_cognition,0
2016-05-24,Social Targeting for Privacy-Friendly On-line Advertising,http://videolectures.net/icwsm2011_provost_targeting,0
2015-12-08,"32nd International Conference on Machine Learning (ICML), Lille 2015",http://videolectures.net/icml2015_lille,0
2016-01-13,"Delavnica projekta European Language Resources Coordination (ELRC), Ljubljana 2015",http://videolectures.net/elrc2015_ljubljana,0
2015-06-03,Third International Workshop on Context Based Affect Recognition (CBAR) 2015,http://videolectures.net/fgconference2015_cbar,0
2015-03-06,Machine Learning Seminars at Carnegie Mellon University,http://videolectures.net/cmuseminars,0
2015-07-15,"12th Extended Semantic Web Conference (ESWC), Portoro�� 2015",http://videolectures.net/eswc2015_portoroz,0
2015-12-05,Scalable Deep Poisson Factor Analysis for Topic Modeling,http://videolectures.net/icml2015_carlson_deep_poisson,0
2016-05-24,Pogovor o jezikovnih virih za slovenski jezik,http://videolectures.net/czvi07_stabej_debata,0
2016-05-24,Award Ceremony,http://videolectures.net/iswc2011_hendler_martin_awards,0
2016-05-24,Leveraging Noisy Lists for Social Feed Ranking,http://videolectures.net/icwsm2013_burgess_feed_ranking,0
2015-10-02,"Okrogla miza ""Pravo v dobi velikega podatkovja: Ali lahko ra?unalnik sodi bolje kot sodnik?"", Ljubljana 2015",http://videolectures.net/okroglamizapravo2015_ljubljana,0
2015-07-13,PhiloWeb 2015: Politicizing the Future of the (Semantic) Web,http://videolectures.net/eswc2015_philoweb,0
2015-06-03,"3rd International Workshop on Emotion Representation, Analysis and Synthesis in Continuous Time and Space (EmoSPACE) 2015",http://videolectures.net/fgconference2015_emospace,0
2015-07-29,"2nd Multidisciplinary Conference on Reinforcement Learning and Decision Making (RLDM), Edmonton 2015",http://videolectures.net/rldm2015_edmonton,0
2015-10-21,Web Ontologies: Lessons Learned from Conceptual Modeling at Scale,http://videolectures.net/eswc2015_hepp_web_ontologies,0
2016-03-19,"NETADIS Workshop on Modelling and Inference for Dynamics on Complex Interaction Networks: Joining Up Machine Learning and Statistical Physics, Montr��al 2015",http://videolectures.net/netadis2015_workshop,0
2015-07-15,Constructing Subsumption Hierarchies of Web Queries,http://videolectures.net/eswc2015_prohaska_web_queries,0
2015-12-05,Markov Mixed Membership Models,http://videolectures.net/icml2015_paisley_membership_models,0
2016-05-24,Policy Q&A session,http://videolectures.net/w3cworkshop2011_policy_qa,0
2016-05-24,Localizers Q&A session,http://videolectures.net/w3cworkshop2011_localizers_qa,0
2016-05-24,Large-Scale Graph Mining for Recommendations,http://videolectures.net/kdd2013_shah_graph_mining,0
2015-12-05,DRAW: A Recurrent Neural Network For Image Generation,http://videolectures.net/icml2015_gregor_image_generation,0
2015-09-27,Spectral Clustering via the Power Method - Provably,http://videolectures.net/icml2015_gittens_spectral_clustering,0
2016-03-16,Ljubljana Golang Meetup 2016: Almost-Spring Edition,http://videolectures.net/golangmeetup2016_ljubljana,0
2015-12-05,Non-Stationary Approximate Modified Policy Iteration,http://videolectures.net/icml2015_scherrer_policy_iteration,0
2015-12-05,Latent Topic Networks: A Versatile Probabilistic Programming Framework for Topic Models,http://videolectures.net/icml2015_foulds_topic_models,0
2015-07-02,Privacy in the era of always-on everywhere cameras,http://videolectures.net/fgconference2015_cavallaro_privacy,0
2016-05-24,Polynomial Time Optimal Query Algorithms for Finding Graphs with Arbitrary Real Weights,http://videolectures.net/colt2013_choi_graphs,0
2015-07-15,Tutorial on Visual Analytics with Linked Open Data and Social Media (VisLOD2015),http://videolectures.net/eswc2015_gentile_mazumdar_kauppinen_vislod_part2,0
2015-07-15,Tutorial on Visual Analytics with Linked Open Data and Social Media (VisLOD2015),http://videolectures.net/eswc2015_gentile_mazumdar_kauppinen_vislod_part1,0
2016-05-24, Opening Ceremony,http://videolectures.net/iswc2011_noy_welty_staab_opening,0
2016-05-10,AI for Good Foundation (AI4Good) - Artificial Intelligence to Help the World,http://videolectures.net/ai4good,0
2015-10-20,traMOOC ��� Translation for Massive Open Online Courses ,http://videolectures.net/internetofeducation2015_cholakov_tramooc,0
2015-06-17,2nd International Workshop on Dataset PROFIling and fEderated Search for Linked Data (PROFILES 2015),http://videolectures.net/eswc2015_profiles,0
2015-07-15,Roomba: An Extensible Framework to Validate and Build Dataset Profiles,http://videolectures.net/eswc2015_assaf_roomba,0
2015-06-17,4th Workshop on Knowledge Discovery and Data Mining Meets Linked Open Data (Know@LOD),http://videolectures.net/eswc2015_knowalod,0
2015-09-27,Preference Completion: Large-scale Collaborative Ranking from Pairwise Comparisons,http://videolectures.net/icml2015_preference_completion,0
2016-05-24,Govorne tehnologije in jezikovni viri,http://videolectures.net/czvi07_kacic_gtijv,0
2016-05-24,1st Pre-Kick off NGO meeting,http://videolectures.net/may09_ngomeeting,0
2015-10-22,"5th ESWC Summer School, Crete 2015",http://videolectures.net/eswc2015_summer_school,0
2016-05-24,Developers Q&A session,http://videolectures.net/w3cworkshop2011_developers_qa,0
2015-07-15,The Role of Negative Results for Choosing an Evaluation Approach ��� A Recommender Systems Case Study,http://videolectures.net/eswc2015_heitmann_negative_results,0
2016-05-24,A probabilistic topic model for the analysis of blood disease disorders,http://videolectures.net/nipsworkshops2010_quon_ptm,0
2016-05-24,Minute Madness,http://videolectures.net/iswc2011_minute_madness,0
2016-05-24,"The cloud, Big Data and Great Opportunities",http://videolectures.net/dataforum2012_hedegaard_bojsen_cloud,0
2015-11-13,"14th International Semantic Web Conference (ISWC), Bethlehem 2015",http://videolectures.net/iswc2015_bethlehem,0
2015-06-03,Workshop on De-Identification for Privacy Protection in Multimedia (DEID) 2015,http://videolectures.net/fgconference2015_deid,0
2015-12-05,Unsupervised Learning of Video Representations using LSTMs,http://videolectures.net/icml2015_mansimov_video_representations,0
2016-05-24,Panel discussion moderated by Bas Haring,http://videolectures.net/snnsymposium2010_haring_pdmb,0
2015-10-21,Leveraging and Balancing Heterogeneous Sources of Evidence in Ontology Learning,http://videolectures.net/eswc2015_wohlgenannt_ontology_learning,0
2016-05-24,Statistics with a human face...and other parts of the human body,http://videolectures.net/as2011_bowman_human,0
2016-05-24,Building Pattern: Synthetic Biology as a Tool for Exploring Emergent Systems,http://videolectures.net/turing100_grant_building_pattern,0
2016-05-24,Interoperability standards in the localization industry ��� Status today and opportunities for the future,http://videolectures.net/w3cworkshop2011_munshi_standards,0
2016-05-24,Regularized Output Kernel Regression for protein-protein interaction prediction: application to link transfer and transduction,http://videolectures.net/nipsworkshops2010_birlutiu_ltip,0
2016-01-11,"European Security Research (ESR) - The Next Wave, Dublin 2015",http://videolectures.net/esr2015_dublin,0
2016-02-10,"International Conference on Computer Vision (ICCV) 2015, Santiago",http://videolectures.net/iccv2015_santiago,0
2015-12-05,Efficient Training of LDA on a GPU by Mean-for-Mode Estimation,http://videolectures.net/icml2015_tristan_mode_estimation,0
2015-10-22,"1st International Workshop on Energy Management, Prediction and Big Data Elaboration (EMENDER), Ljubljana 2015",http://videolectures.net/emender2015_ljubljana,0
2015-06-17,2nd Workshop on Linked Data Quality (LDQ2015),http://videolectures.net/eswc2015_ldq,0
2015-09-27,On TD(0) with function approximation: Concentration bounds and a centered variant with exponential convergence,http://videolectures.net/icml2015_korda_learning_algorithm,0
2015-12-05,Ordinal Mixed Membership Models,http://videolectures.net/icml2015_virtanen_membership_models,0
2016-05-24,In-Memory Computing - The need for speed on Big Data,http://videolectures.net/dataforum2013_brenckmann_inmemory_computing,0
2015-07-15,Building a DCAT merger,http://videolectures.net/eswc2015_heyvaert_dcat_merger,0
2015-10-22,"Slovenian KDD Conference on Data Mining and Data Warehouses (SiKDD), Ljubljana 2015",http://videolectures.net/sikdd2015_ljubljana,0
2015-06-17,ESWC 2015 Developers Workshop,http://videolectures.net/eswc2015_semdev,0
2016-05-24,"Symbiotic Autonomy: Robots, Humans, and the Web",http://videolectures.net/turing100_veloso_symbiotic_autonomy,0
2015-07-15,Programmatic Access to Crowdsourced Human Computation for Designing and Enhancing Interlinking,http://videolectures.net/eswc2015_sarasua_enhancing_interlinking,0
2015-12-05,Approximate Dynamic Programming for Two-Player Zero-Sum Markov Games,http://videolectures.net/icml2015_perolat_dynamic_programming,0
2015-06-17,Workshop on Negative or Inconclusive rEsults in Semantic web (NoISE 2015),http://videolectures.net/eswc2015_noise,0
2015-06-17,Tutorial on Visual Analytics with Linked Open Data and Social Media (VisLOD 2015),http://videolectures.net/eswc2015_vislod,0
